,average_monthly_hours,salary,number_project,last_evaluation,satisfaction_level,RandD,management,other,hours_per_project,predictions
0,0.07943925233644866,2,5,0.43,0.69,False,False,True,22.6,0
1,0.22429906542056077,2,4,0.91,0.5,False,True,False,36.0,0
2,0.20560747663551404,2,5,0.93,0.71,False,False,True,28.0,0
3,0.6962616822429907,2,3,0.68,0.5,False,False,True,81.66666666666667,0
4,0.4299065420560748,3,3,0.6,0.93,False,False,True,62.666666666666664,0
5,0.48130841121495327,2,5,0.77,0.95,False,False,True,39.8,0
6,0.2710280373831776,2,6,0.61,0.17,False,False,True,25.666666666666668,0
7,0.19626168224299068,2,4,0.68,0.92,False,False,True,34.5,0
8,0.23831775700934577,3,3,0.48,0.64,False,False,True,49.0,0
9,0.3598130841121495,2,6,0.42,0.27,False,False,True,28.833333333333332,0
10,0.5934579439252335,3,3,0.87,0.66,False,False,True,74.33333333333333,0
11,0.4859813084112149,1,3,0.6900000000000001,0.59,False,False,True,66.66666666666667,0
12,0.43457943925233644,2,4,0.98,0.93,False,False,True,47.25,0
13,0.1728971962616822,2,5,0.67,0.58,False,False,True,26.6,0
14,0.2990654205607477,2,3,0.6,0.96,False,False,True,53.333333333333336,0
15,0.26635514018691586,2,3,0.85,0.69,False,False,True,51.0,0
16,0.2149532710280374,1,4,0.38,0.41,False,False,True,35.5,0
17,0.3317757009345794,1,3,0.41000000000000003,0.36,False,False,True,55.666666666666664,0
18,0.6121495327102803,1,4,0.78,0.71,False,False,True,56.75,0
19,0.22429906542056077,1,4,0.9,0.94,False,False,True,36.0,0
20,0.20560747663551404,1,4,0.76,0.51,False,False,True,35.0,0
21,0.5794392523364486,1,4,0.48,0.83,False,False,True,55.0,0
22,0.39252336448598135,1,3,0.62,0.22,False,False,True,60.0,0
23,0.3598130841121495,1,4,0.89,0.66,False,False,True,43.25,0
24,0.3878504672897196,1,3,0.58,0.14,False,False,True,59.666666666666664,0
25,0.19158878504672894,1,5,0.96,0.16,False,False,True,27.4,0
26,0.32242990654205606,3,3,0.78,0.81,False,False,True,55.0,0
27,0.37850467289719625,1,3,0.9400000000000001,0.73,False,False,True,59.0,0
28,0.33644859813084116,1,5,0.58,0.7,False,True,False,33.6,0
29,0.6962616822429907,1,3,0.73,0.62,False,False,True,81.66666666666667,0
30,0.7570093457943924,1,5,0.8300000000000001,0.5,False,False,True,51.6,0
31,0.29439252336448596,3,3,0.88,0.7,False,False,True,53.0,0
32,0.3130841121495327,1,3,0.73,0.53,False,False,True,54.333333333333336,0
33,0.36448598130841126,1,3,0.9,0.87,False,False,True,58.0,0
34,0.5514018691588785,1,3,0.6,0.59,False,False,True,71.33333333333333,0
35,0.4439252336448598,3,4,0.67,0.94,False,False,True,47.75,0
36,0.822429906542056,1,5,0.53,0.2,False,False,True,54.4,0
37,0.40654205607476634,2,3,0.44,0.42,False,False,True,61.0,0
38,0.18224299065420557,3,4,0.66,0.43,False,False,True,33.75,0
39,0.2710280373831776,3,6,0.76,0.43,False,True,False,25.666666666666668,0
40,0.663551401869159,3,5,0.86,0.77,False,True,False,47.6,1
41,0.6495327102803737,3,2,0.98,0.76,False,True,False,117.5,0
42,0.5560747663551401,3,3,0.9,0.82,False,True,False,71.66666666666667,0
43,0.6448598130841122,3,5,0.66,0.75,False,True,False,46.8,0
44,0.4252336448598131,3,4,0.98,0.63,False,True,False,46.75,0
45,0.1728971962616822,2,3,0.75,0.51,False,False,True,44.333333333333336,0
46,0.1261682242990655,2,3,0.7000000000000001,0.23,False,False,True,41.0,0
47,0.49532710280373826,2,4,0.58,0.77,False,False,True,50.5,0
48,0.20560747663551404,2,4,0.63,0.54,False,False,True,35.0,0
49,0.4018691588785047,3,4,0.85,0.63,False,False,True,45.5,0
50,0.3878504672897196,1,3,0.45,0.55,False,False,True,59.666666666666664,0
51,0.25233644859813087,2,3,0.63,0.31,False,False,True,50.0,0
52,0.2570093457943925,2,4,0.74,0.98,False,False,True,37.75,0
53,0.0981308411214954,2,6,0.9500000000000001,0.16,False,False,True,19.5,0
54,0.28037383177570097,2,3,0.78,0.54,False,False,True,52.0,0
55,0.5373831775700935,2,3,0.48,0.73,False,False,True,70.33333333333333,0
56,0.8878504672897195,2,6,0.63,0.16,False,False,True,47.666666666666664,0
57,0.6401869158878505,2,5,0.8200000000000001,0.57,False,False,True,46.6,0
58,0.588785046728972,2,4,0.88,0.88,False,False,True,55.5,0
59,0.7570093457943924,2,4,0.81,0.95,False,False,True,64.5,0
60,0.630841121495327,3,5,0.7000000000000001,0.93,False,False,True,46.2,0
61,0.5794392523364486,1,3,0.58,0.91,False,False,True,73.33333333333333,0
62,0.17757009345794394,1,4,0.8200000000000001,0.77,False,False,True,33.5,0
63,0.21028037383177567,1,6,0.9400000000000001,0.24,False,False,True,23.5,0
64,0.2990654205607477,3,5,0.74,0.74,False,False,True,32.0,0
65,0.7616822429906541,1,4,0.59,0.53,False,False,True,64.75,0
66,0.6355140186915887,1,5,0.77,0.89,False,False,True,46.4,0
67,0.822429906542056,1,5,0.77,0.23,False,False,True,54.4,0
68,0.5560747663551401,3,3,0.66,0.69,False,False,True,71.66666666666667,0
69,0.588785046728972,1,4,0.72,0.52,False,False,True,55.5,0
70,0.6915887850467289,1,3,0.58,0.9,False,False,True,81.33333333333333,0
71,0.5981308411214953,1,5,0.63,0.92,False,False,True,44.8,0
72,0.4859813084112149,1,5,0.59,0.72,False,False,True,40.0,0
73,0.21962616822429903,1,4,0.61,0.92,False,False,True,35.75,0
74,0.663551401869159,1,5,0.86,0.79,False,False,True,47.6,1
75,0.2289719626168224,1,4,0.89,0.48,False,False,True,36.25,0
76,0.05607476635514019,2,4,0.76,0.27,False,False,True,27.0,0
77,0.7056074766355139,2,3,0.49,0.67,False,False,True,82.33333333333333,0
78,0.5467289719626168,2,3,0.7000000000000001,0.48,False,False,True,71.0,0
79,0.5280373831775701,2,4,0.6,0.99,False,False,True,52.25,0
80,0.6728971962616822,2,4,0.88,0.49,False,False,True,60.0,0
81,0.01869158878504673,2,3,0.45,0.39,False,False,True,33.333333333333336,0
82,0.7897196261682243,2,4,0.92,0.99,False,False,True,66.25,0
83,0.5280373831775701,2,3,0.5700000000000001,0.78,False,False,True,69.66666666666667,0
84,0.2710280373831776,2,3,0.73,0.5,False,False,True,51.333333333333336,0
85,0.6261682242990655,3,5,0.79,0.61,False,True,False,46.0,0
86,0.5233644859813084,3,4,0.6,0.88,False,True,False,52.0,0
87,0.21028037383177567,3,2,0.44,0.44,False,True,False,70.5,1
88,0.7757009345794391,3,3,0.78,0.73,False,True,False,87.33333333333333,0
89,0.514018691588785,3,4,0.84,0.58,False,True,False,51.5,0
90,0.3271028037383178,3,3,0.98,0.74,False,True,False,55.333333333333336,0
91,0.0981308411214954,2,4,0.48,0.32,False,False,True,29.25,0
92,0.8271028037383178,2,4,0.8300000000000001,0.88,False,False,True,68.25,0
93,0.8130841121495326,2,4,0.9,0.81,False,False,True,67.5,1
94,0.19626168224299068,1,3,0.92,0.59,False,False,True,46.0,0
95,0.6495327102803737,1,3,0.65,0.79,False,False,True,78.33333333333333,0
96,0.4392523364485982,1,4,0.64,0.92,False,True,False,47.5,0
97,0.44859813084112143,1,3,0.85,0.76,False,False,True,64.0,0
98,0.5514018691588785,1,5,0.65,0.91,False,False,True,42.8,0
99,0.6822429906542057,1,4,0.84,0.8,False,False,True,60.5,0
100,0.6401869158878505,1,4,0.72,0.73,False,False,True,58.25,0
101,0.5700934579439253,1,3,0.53,0.88,False,False,True,72.66666666666667,0
102,0.13551401869158886,1,5,0.4,0.65,False,False,True,25.0,0
103,0.383177570093458,1,4,0.5,0.84,False,False,True,44.5,0
104,0.822429906542056,1,5,0.5,0.93,False,False,True,54.4,0
105,0.7897196261682243,1,3,0.6,0.64,False,False,True,88.33333333333333,0
106,0.8177570093457943,1,4,0.72,0.66,False,False,True,67.75,0
107,0.3878504672897196,1,3,0.56,0.76,False,False,True,59.666666666666664,0
108,0.10280373831775702,1,3,0.72,0.34,False,False,True,39.333333333333336,0
109,0.46728971962616817,1,4,0.8,0.48,False,False,True,49.0,0
110,0.3598130841121495,1,4,0.61,0.79,False,False,True,43.25,0
111,0.28037383177570097,1,4,0.67,0.82,False,False,True,39.0,0
112,0.39252336448598135,1,2,0.71,0.51,False,False,True,90.0,0
113,0.7803738317757009,1,4,0.78,0.84,False,False,True,65.75,0
114,0.17757009345794394,3,5,0.79,0.66,False,True,False,26.8,0
115,0.43457943925233644,3,3,0.88,0.72,False,True,False,63.0,0
116,0.3317757009345794,3,4,0.91,0.53,False,True,False,41.75,0
117,0.16822429906542058,3,5,0.8,0.81,False,True,False,26.4,0
118,0.5280373831775701,3,3,0.9,0.58,False,True,False,69.66666666666667,0
119,0.6121495327102803,3,2,0.56,0.82,False,True,False,113.5,0
120,0.6682242990654205,2,4,0.99,0.72,False,False,True,59.75,0
121,0.3551401869158879,2,4,0.54,0.9,False,False,True,43.0,0
122,0.4299065420560748,2,3,0.91,0.98,False,False,True,62.666666666666664,0
123,0.7897196261682243,2,3,0.74,0.56,False,False,True,88.33333333333333,0
124,0.26635514018691586,2,3,0.8200000000000001,0.77,False,False,True,51.0,0
125,0.6822429906542057,2,4,0.89,0.61,False,True,False,60.5,0
126,0.7757009345794391,2,4,0.61,0.97,False,False,True,65.5,0
127,0.7009345794392524,3,3,0.55,0.64,False,False,True,82.0,0
128,0.5373831775700935,1,4,0.97,0.99,False,False,True,52.75,0
129,0.2289719626168224,2,3,0.42,0.61,False,False,True,48.333333333333336,0
130,0.7476635514018691,2,4,0.71,0.72,False,False,True,64.0,0
131,0.6962616822429907,2,2,0.91,0.67,False,False,True,122.5,0
132,0.2570093457943925,2,3,0.56,0.9,False,False,True,50.333333333333336,0
133,0.6962616822429907,1,4,0.73,0.9,False,False,True,61.25,0
134,0.35046728971962615,1,4,0.61,0.63,False,False,True,42.75,0
135,0.7289719626168224,1,3,0.88,0.64,False,False,True,84.0,0
136,0.3691588785046729,1,3,0.65,0.44,False,False,True,58.333333333333336,0
137,0.5327102803738317,1,4,0.9400000000000001,0.64,False,False,True,52.5,0
138,0.39252336448598135,1,2,0.9500000000000001,0.65,False,False,True,90.0,0
139,0.03271028037383178,1,5,0.9,0.69,False,False,True,20.6,0
140,0.06542056074766356,1,4,0.51,0.93,False,False,True,27.5,0
141,0.4112149532710281,1,5,0.9,0.73,False,False,True,36.8,0
142,0.3037383177570093,3,4,0.6,0.83,False,True,False,40.25,0
143,0.5327102803738317,3,5,0.49,0.82,False,True,False,42.0,0
144,0.5420560747663551,3,2,0.91,0.39,False,True,False,106.0,0
145,0.04672897196261683,3,6,0.47000000000000003,0.53,False,True,False,17.666666666666668,0
146,0.3878504672897196,3,4,0.81,0.88,False,True,False,44.75,0
147,0.5654205607476636,3,5,0.6,0.8,False,True,False,43.4,0
148,0.4112149532710281,1,4,0.79,0.68,False,False,True,46.0,0
149,0.5327102803738317,1,3,0.6,0.66,False,False,True,70.0,0
150,0.7009345794392524,1,4,0.61,0.61,False,False,True,61.5,0
151,0.7757009345794391,1,4,0.55,0.74,False,False,True,65.5,0
152,0.6962616822429907,1,4,0.8300000000000001,0.61,False,False,True,61.25,0
153,0.588785046728972,1,3,0.99,0.57,False,True,False,74.0,0
154,0.23364485981308414,2,4,0.54,0.68,False,False,True,36.5,0
155,0.7803738317757009,2,4,0.79,0.75,False,False,True,65.75,0
156,0.17757009345794394,2,5,0.5700000000000001,0.29,False,False,True,26.8,0
157,0.7196261682242991,2,5,0.81,0.81,False,False,True,50.0,0
158,0.3598130841121495,2,4,0.68,0.53,False,False,True,43.25,0
159,0.3598130841121495,2,6,0.96,0.42,False,False,True,28.833333333333332,0
160,0.7289719626168224,2,4,0.67,0.64,False,False,True,63.0,0
161,0.6261682242990655,2,2,0.5,0.63,False,False,True,115.0,0
162,0.5420560747663551,2,4,0.81,0.81,False,False,True,53.0,0
163,0.4252336448598131,2,5,0.66,0.71,False,False,True,37.4,0
164,0.677570093457944,2,5,0.8300000000000001,0.7,False,False,True,48.2,0
165,0.31775700934579443,2,3,1.0,0.53,False,False,True,54.666666666666664,0
166,0.5700934579439253,3,6,0.93,0.16,False,False,True,36.333333333333336,0
167,0.4579439252336448,1,4,0.55,0.17,False,False,True,48.5,0
168,0.28971962616822433,2,3,0.9500000000000001,0.7,False,False,True,52.666666666666664,0
169,0.24766355140186913,2,2,0.88,0.43,False,False,True,74.5,0
170,0.3037383177570093,2,4,0.62,0.49,False,False,True,40.25,0
171,0.6074766355140188,3,5,0.9,0.5,False,True,False,45.2,0
172,0.0700934579439253,3,2,0.59,0.57,False,True,False,55.5,0
173,0.7570093457943924,3,4,0.75,0.68,False,True,False,64.5,0
174,0.7943925233644858,3,3,0.61,0.62,False,True,False,88.66666666666667,0
175,0.7336448598130841,3,3,0.75,0.69,False,True,False,84.33333333333333,0
176,0.2990654205607477,3,5,0.7000000000000001,0.63,False,True,False,32.0,0
177,0.6261682242990655,1,5,0.62,0.76,False,False,True,46.0,0
178,0.47663551401869153,1,5,0.76,0.62,False,False,True,39.6,0
179,0.7196261682242991,1,3,0.6900000000000001,0.82,False,False,True,83.33333333333333,0
180,0.602803738317757,1,4,0.7000000000000001,0.2,False,False,True,56.25,0
181,0.383177570093458,1,3,0.7000000000000001,0.16,False,False,True,59.333333333333336,0
182,0.46728971962616817,1,4,0.78,0.2,False,True,False,49.0,0
183,0.6728971962616822,1,4,0.51,0.53,False,False,True,60.0,0
184,0.5046728971962616,1,3,0.63,0.71,False,False,True,68.0,0
185,0.7196261682242991,1,3,0.93,0.7,False,False,True,83.33333333333333,0
186,0.5981308411214953,1,2,0.9400000000000001,0.92,False,False,True,112.0,0
187,0.8037383177570093,1,4,0.92,0.81,False,False,True,67.0,0
188,0.3317757009345794,1,5,0.62,0.79,False,False,True,33.4,0
189,0.33644859813084116,1,3,0.64,0.53,False,False,True,56.0,0
190,0.33644859813084116,1,4,0.56,0.51,False,False,True,42.0,0
191,0.28971962616822433,1,5,0.9,0.78,False,False,True,31.6,0
192,0.6728971962616822,1,3,0.91,0.5,False,False,True,80.0,0
193,0.7710280373831776,2,4,1.0,0.92,False,False,True,65.25,1
194,0.3738317757009346,2,4,0.54,0.59,False,False,True,44.0,0
195,0.5654205607476636,2,3,0.55,0.77,False,False,True,72.33333333333333,0
196,0.5981308411214953,2,5,0.87,0.74,False,False,True,44.8,0
197,0.46728971962616817,2,4,0.97,0.67,False,False,True,49.0,0
198,0.5934579439252335,2,3,0.59,0.56,False,False,True,74.33333333333333,0
199,0.16355140186915884,2,5,0.44,0.84,False,False,True,26.2,0
200,0.3317757009345794,2,2,0.77,0.53,False,False,True,83.5,0
201,0.8271028037383178,2,5,0.71,0.86,False,False,True,54.6,0
202,0.009345794392523366,2,3,0.68,0.77,False,False,True,32.666666666666664,0
203,0.7336448598130841,2,4,0.9400000000000001,0.97,False,False,True,63.25,0
204,0.36448598130841126,2,5,0.87,0.69,False,False,True,34.8,0
205,0.8317757009345793,3,3,0.9,0.73,False,False,True,91.33333333333333,0
206,0.36448598130841126,1,6,0.47000000000000003,0.42,False,False,True,29.0,0
207,0.3598130841121495,2,5,0.47000000000000003,0.4,False,False,True,34.6,0
208,0.47663551401869153,2,2,0.41000000000000003,0.33,False,False,True,99.0,0
209,0.663551401869159,2,3,0.66,0.68,False,True,False,79.33333333333333,0
210,0.7476635514018691,2,3,0.8,0.78,False,False,True,85.33333333333333,0
211,0.3878504672897196,1,3,0.6,0.92,False,False,True,59.666666666666664,0
212,0.8271028037383178,1,4,0.66,0.66,False,False,True,68.25,0
213,0.03738317757009346,1,3,0.45,0.6,False,False,True,34.666666666666664,0
214,0.5233644859813084,1,4,0.8300000000000001,0.86,False,False,True,52.0,0
215,0.836448598130841,1,3,0.49,0.61,False,False,True,91.66666666666667,0
216,0.630841121495327,1,3,0.68,0.71,False,False,True,77.0,0
217,0.42056074766355145,1,4,0.62,0.86,False,False,True,46.5,0
218,0.677570093457944,1,3,0.59,0.96,False,False,True,80.33333333333333,0
219,0.4579439252336448,1,3,0.54,0.7,False,False,True,64.66666666666667,0
220,0.46728971962616817,3,4,0.49,0.38,False,True,False,49.0,0
221,0.4158878504672897,3,6,0.75,0.39,False,True,False,30.833333333333332,0
222,0.2429906542056075,3,2,0.4,0.49,False,True,False,74.0,0
223,0.25233644859813087,3,4,0.62,0.78,False,True,False,37.5,0
224,0.11682242990654212,3,5,0.79,0.74,False,True,False,24.2,0
225,0.7943925233644858,3,4,0.76,0.82,False,True,False,66.5,0
226,0.06074766355140193,1,2,0.42,0.6,False,False,True,54.5,0
227,0.21962616822429903,1,3,0.99,0.72,False,False,True,47.666666666666664,0
228,0.36448598130841126,1,3,0.97,0.73,False,False,True,58.0,0
229,0.29439252336448596,2,4,0.55,0.89,False,False,True,39.75,0
230,0.2850467289719626,2,4,0.9400000000000001,0.74,False,False,True,39.25,0
231,0.588785046728972,2,2,0.5700000000000001,0.83,False,False,True,111.0,0
232,0.48130841121495327,2,5,0.88,0.24,False,False,True,39.8,0
233,0.7429906542056074,2,3,0.89,0.93,False,False,True,85.0,0
234,0.7336448598130841,2,4,0.62,0.96,False,False,True,63.25,0
235,0.24766355140186913,2,5,0.68,0.16,False,False,True,29.8,0
236,0.883177570093458,2,6,0.85,0.21,False,False,True,47.5,0
237,0.31775700934579443,2,3,0.54,0.69,False,False,True,54.666666666666664,0
238,0.6869158878504672,2,3,0.96,0.66,False,False,True,81.0,0
239,0.5186915887850467,2,2,0.39,0.67,False,False,True,103.5,0
240,0.42056074766355145,2,4,0.58,0.85,False,False,True,46.5,0
241,0.5373831775700935,3,4,0.92,0.37,False,False,True,52.75,0
242,0.4392523364485982,1,2,0.64,0.64,False,False,True,95.0,0
243,0.677570093457944,2,2,0.8200000000000001,0.91,False,False,True,120.5,0
244,0.514018691588785,2,3,0.68,0.96,False,False,True,68.66666666666667,0
245,0.8271028037383178,2,4,0.7000000000000001,0.74,False,False,True,68.25,0
246,0.2850467289719626,2,2,0.99,0.94,False,False,True,78.5,0
247,0.40654205607476634,1,3,0.72,0.37,False,False,True,61.0,0
248,0.2570093457943925,1,3,0.85,0.92,False,False,True,50.333333333333336,0
249,0.5654205607476636,1,3,0.72,0.86,False,False,True,72.33333333333333,0
250,0.6495327102803737,1,5,0.49,0.66,False,False,True,47.0,0
251,0.14485981308411222,1,4,0.61,0.19,False,False,True,31.75,0
252,0.3317757009345794,1,5,0.61,0.65,False,False,True,33.4,0
253,0.7663551401869159,1,3,0.44,0.92,False,False,True,86.66666666666667,0
254,0.6728971962616822,1,3,0.8,0.83,False,False,True,80.0,0
255,0.4252336448598131,1,4,0.8200000000000001,0.94,False,False,True,46.75,0
256,0.14018691588785048,1,3,0.6900000000000001,0.42,False,False,True,42.0,0
257,0.33644859813084116,1,6,0.53,0.78,False,False,True,28.0,0
258,0.4719626168224299,1,4,0.76,0.58,False,False,True,49.25,0
259,0.3457943925233645,1,2,0.64,0.5,False,False,True,85.0,0
260,0.5747663551401868,1,3,0.76,0.82,False,False,True,73.0,0
261,0.19158878504672894,1,6,0.92,0.97,False,False,True,22.833333333333332,0
262,0.602803738317757,1,3,0.93,0.8,False,False,True,75.0,0
263,0.4579439252336448,1,3,0.84,0.82,False,False,True,64.66666666666667,0
264,0.7242990654205607,1,5,0.99,0.95,False,False,True,50.2,0
265,0.46261682242990654,1,5,0.51,0.88,False,False,True,39.0,0
266,0.39252336448598135,3,3,0.86,0.5,False,True,False,60.0,0
267,0.602803738317757,3,2,0.8,0.53,False,True,False,112.5,0
268,0.6214953271028038,3,3,0.74,0.82,False,True,False,76.33333333333333,0
269,0.22429906542056077,3,6,0.74,0.15,False,True,False,24.0,0
270,0.15420560747663548,3,3,0.7000000000000001,0.92,False,True,False,43.0,0
271,0.3551401869158879,3,3,0.74,0.53,False,True,False,57.333333333333336,0
272,0.5794392523364486,2,4,1.0,0.58,False,False,True,55.0,0
273,0.8271028037383178,2,3,0.74,0.88,False,False,True,91.0,0
274,0.6962616822429907,2,3,0.72,0.85,False,False,True,81.66666666666667,0
275,0.7850467289719626,2,5,0.68,0.99,False,False,True,52.8,0
276,0.8037383177570093,2,3,0.73,0.94,False,False,True,89.33333333333333,0
277,0.3551401869158879,2,3,0.9400000000000001,0.63,False,True,False,57.333333333333336,0
278,0.6962616822429907,2,3,0.9,0.85,False,False,True,81.66666666666667,0
279,0.44859813084112143,2,5,0.66,0.95,False,False,True,38.4,0
280,0.8037383177570093,3,3,0.66,0.71,False,False,True,89.33333333333333,0
281,0.6915887850467289,1,4,0.88,0.49,False,False,True,61.0,0
282,0.588785046728972,2,4,0.6900000000000001,0.71,False,False,True,55.5,0
283,0.6682242990654205,2,5,0.62,0.52,False,False,True,47.8,0
284,0.21962616822429903,2,3,0.72,0.48,False,False,True,47.666666666666664,0
285,0.2990654205607477,2,3,0.79,0.82,False,False,True,53.333333333333336,0
286,0.7429906542056074,1,2,0.76,0.83,False,False,True,127.5,0
287,0.26168224299065423,1,4,0.87,0.85,False,False,True,38.0,0
288,0.6074766355140188,1,4,0.64,0.57,False,False,True,56.5,0
289,0.7943925233644858,1,5,0.63,0.16,False,False,True,53.2,0
290,0.7476635514018691,1,5,0.64,0.85,False,False,True,51.2,0
291,0.47663551401869153,1,3,0.67,0.82,False,False,True,66.0,0
292,0.7383177570093459,1,4,0.89,0.9,False,False,True,63.5,1
293,0.03738317757009346,1,2,0.64,0.92,False,False,True,52.0,0
294,0.1869158878504673,1,4,0.48,0.9,False,False,True,34.0,0
295,0.5093457943925234,1,5,0.8,0.82,False,False,True,41.0,0
296,0.6542056074766355,1,4,0.81,0.84,False,False,True,59.0,0
297,0.3738317757009346,1,3,0.65,0.92,False,False,True,58.666666666666664,0
298,0.2429906542056075,1,3,0.8200000000000001,0.82,False,False,True,49.333333333333336,0
299,0.23364485981308414,1,4,0.8,0.8,False,False,True,36.5,0
300,0.6822429906542057,1,3,0.85,0.6,False,False,True,80.66666666666667,0
301,0.08878504672897203,3,5,0.38,0.14,False,False,True,23.0,0
302,0.25233644859813087,3,4,0.89,0.85,False,False,True,37.5,0
303,0.6682242990654205,3,3,0.81,0.55,False,False,True,79.66666666666667,0
304,0.383177570093458,2,4,0.71,0.49,False,False,True,44.5,0
305,0.7803738317757009,2,5,0.58,0.82,False,False,True,52.6,0
306,0.822429906542056,3,3,0.77,0.59,False,True,False,90.66666666666667,0
307,0.1728971962616822,2,3,0.8200000000000001,0.9,False,False,True,44.333333333333336,0
308,0.24766355140186913,2,3,0.72,0.62,False,False,True,49.666666666666664,0
309,0.4532710280373832,2,3,0.68,0.61,False,False,True,64.33333333333333,0
310,0.36448598130841126,2,5,0.55,0.52,False,False,True,34.8,0
311,0.5934579439252335,2,4,0.87,0.79,False,False,True,55.75,0
312,0.49065420560747663,2,4,0.89,0.49,False,False,True,50.25,0
313,0.2009345794392523,2,2,0.67,0.73,False,False,True,69.5,0
314,0.677570093457944,2,5,0.49,0.67,False,False,True,48.2,0
315,0.4252336448598131,2,4,0.61,0.52,False,False,True,46.75,0
316,0.44859813084112143,2,4,0.64,0.72,False,False,True,48.0,0
317,0.2149532710280374,2,5,0.5,0.48,False,False,True,28.4,0
318,0.6214953271028038,2,4,0.79,0.19,False,False,True,57.25,0
319,0.03738317757009346,3,3,0.49,0.49,False,False,True,34.666666666666664,0
320,0.7429906542056074,1,3,0.76,0.9,False,False,True,85.0,0
321,0.5420560747663551,2,4,0.49,0.49,False,False,True,53.0,0
322,0.6495327102803737,2,2,0.53,0.6,False,False,True,117.5,0
323,0.6588785046728972,2,3,0.85,0.62,False,False,True,79.0,0
324,0.7336448598130841,3,4,0.5,0.64,False,True,False,63.25,0
325,0.4532710280373832,3,3,0.9400000000000001,0.22,False,True,False,64.33333333333333,0
326,0.7616822429906541,3,3,0.55,0.9,False,True,False,86.33333333333333,0
327,0.7943925233644858,3,5,0.9500000000000001,0.74,False,True,False,53.2,0
328,0.4158878504672897,3,3,0.54,0.85,False,True,False,61.666666666666664,0
329,0.3551401869158879,3,3,0.65,0.33,False,False,True,57.333333333333336,0
330,0.39252336448598135,1,4,0.73,0.5,False,False,True,45.0,0
331,0.2850467289719626,1,2,0.53,0.38,False,False,True,78.5,1
332,0.7757009345794391,2,5,0.86,0.8,False,False,True,52.4,1
333,0.822429906542056,2,7,0.88,0.11,False,False,True,38.857142857142854,1
334,0.5934579439252335,1,5,0.87,0.72,False,False,True,44.6,0
335,0.29439252336448596,1,2,0.52,0.37,False,False,True,79.5,1
336,0.26635514018691586,1,2,0.5,0.41,False,False,True,76.5,1
337,0.7056074766355139,1,6,0.77,0.1,False,False,True,41.166666666666664,1
338,0.7616822429906541,1,5,0.85,0.92,False,False,True,51.8,1
339,0.5981308411214953,1,5,1.0,0.89,False,False,True,44.8,1
340,0.2149532710280374,1,2,0.53,0.42,False,False,True,71.0,1
341,0.18224299065420557,1,2,0.54,0.45,False,False,True,67.5,1
342,0.9766355140186916,1,6,0.81,0.11,False,False,True,50.833333333333336,1
343,0.6448598130841122,1,4,0.92,0.84,False,False,True,58.5,1
344,0.2429906542056075,1,2,0.55,0.41,False,False,True,74.0,1
345,0.19158878504672894,1,2,0.56,0.36,False,False,True,68.5,1
346,0.21962616822429903,1,2,0.54,0.38,False,False,True,71.5,1
347,0.2990654205607477,1,2,0.47000000000000003,0.45,False,False,True,80.0,1
348,0.7429906542056074,1,4,0.99,0.78,False,False,True,63.75,1
349,0.2990654205607477,1,2,0.51,0.45,False,False,True,80.0,1
350,0.7757009345794391,1,5,0.89,0.76,False,False,True,52.4,1
351,0.8691588785046728,1,6,0.8300000000000001,0.11,False,False,True,47.0,1
352,0.23831775700934577,1,2,0.55,0.38,False,False,True,73.5,1
353,0.9719626168224299,1,6,0.9500000000000001,0.09,False,False,True,50.666666666666664,1
354,0.2009345794392523,1,2,0.5700000000000001,0.46,False,False,True,69.5,1
355,0.28971962616822433,1,2,0.53,0.4,False,False,True,79.0,1
356,0.6822429906542057,1,5,0.92,0.89,False,False,True,48.4,1
357,0.6682242990654205,1,4,0.87,0.82,False,False,True,59.75,1
358,0.18224299065420557,1,2,0.49,0.4,False,False,True,67.5,1
359,0.14953271028037385,1,2,0.46,0.41,False,False,True,64.0,1
360,0.16822429906542058,1,2,0.5,0.38,False,False,True,66.0,1
361,0.925233644859813,1,6,0.62,0.09,False,False,True,49.0,1
362,0.17757009345794394,1,2,0.5700000000000001,0.45,False,False,True,67.0,1
363,0.2289719626168224,1,2,0.51,0.4,False,False,True,72.5,1
364,0.20560747663551404,1,2,0.55,0.45,False,False,True,70.0,1
365,0.7009345794392524,1,4,0.87,0.84,False,False,True,61.5,1
366,0.7429906542056074,1,6,0.9400000000000001,0.1,False,False,True,42.5,1
367,0.19158878504672894,1,2,0.46,0.38,False,False,True,68.5,1
368,0.14018691588785048,1,2,0.5,0.45,False,False,True,63.0,1
369,0.9813084112149532,1,6,0.89,0.11,False,False,True,51.0,1
370,0.26168224299065423,1,2,0.54,0.41,False,False,True,76.0,1
371,0.8084112149532711,1,5,0.88,0.87,False,False,True,53.8,1
372,0.28971962616822433,1,2,0.48,0.45,False,False,True,79.0,1
373,0.14485981308411222,1,2,0.46,0.4,False,False,True,63.5,1
374,0.8644859813084113,1,7,0.8,0.1,False,False,True,40.142857142857146,1
375,0.8411214953271028,1,6,0.89,0.09,False,False,True,46.0,1
376,0.4018691588785047,1,3,0.74,0.84,False,False,True,60.666666666666664,0
377,0.23831775700934577,1,2,0.55,0.4,False,False,True,73.5,1
378,0.8271028037383178,1,3,0.7000000000000001,0.57,False,False,True,91.0,1
379,0.2429906542056075,1,2,0.54,0.4,False,False,True,74.0,1
380,0.23831775700934577,1,2,0.47000000000000003,0.43,False,False,True,73.5,1
381,0.26168224299065423,1,6,0.78,0.13,False,False,True,25.333333333333332,1
382,0.18224299065420557,1,2,0.55,0.44,False,False,True,67.5,1
383,0.17757009345794394,1,2,0.55,0.38,False,False,True,67.0,1
384,0.16822429906542058,1,2,0.54,0.39,False,False,True,66.0,1
385,0.9859813084112149,1,7,0.92,0.1,False,False,True,43.857142857142854,1
386,0.20560747663551404,1,2,0.46,0.37,False,False,True,70.0,1
387,0.7429906542056074,1,7,0.9400000000000001,0.11,False,False,True,36.42857142857143,1
388,0.9953271028037384,1,6,0.81,0.1,False,False,True,51.5,1
389,0.14953271028037385,1,2,0.54,0.38,False,False,True,64.0,1
390,0.602803738317757,1,4,1.0,0.85,False,False,True,56.25,1
391,0.6074766355140188,2,5,0.91,0.85,False,True,False,45.2,1
392,0.9906542056074766,2,7,0.93,0.11,False,False,True,44.0,1
393,0.6915887850467289,2,6,0.9500000000000001,0.1,False,False,True,40.666666666666664,1
394,0.16822429906542058,2,2,0.56,0.36,False,False,True,66.0,1
395,0.8878504672897195,2,6,0.9400000000000001,0.11,False,False,True,47.666666666666664,1
396,0.3037383177570093,2,6,0.7000000000000001,0.81,False,False,True,26.833333333333332,1
397,0.26635514018691586,2,2,0.54,0.43,False,False,True,76.5,1
398,0.7850467289719626,2,4,0.98,0.9,False,False,True,66.0,1
399,0.5934579439252335,2,5,0.86,0.76,False,False,True,44.6,1
400,0.18224299065420557,2,2,0.5,0.43,False,False,True,67.5,1
401,0.8457943925233645,2,2,0.99,0.74,False,False,True,138.5,1
402,0.836448598130841,2,5,0.77,0.09,False,False,True,55.0,1
403,0.24766355140186913,3,2,0.49,0.45,False,False,True,74.5,1
404,0.9299065420560747,1,7,0.87,0.09,False,False,True,42.142857142857146,1
405,0.8457943925233645,2,6,0.97,0.11,False,False,True,46.166666666666664,1
406,0.9813084112149532,2,7,0.79,0.11,False,False,True,43.714285714285715,1
407,0.9299065420560747,2,6,0.8300000000000001,0.1,False,False,True,49.166666666666664,1
408,0.19158878504672894,2,2,0.54,0.4,False,False,True,68.5,1
409,0.2850467289719626,1,2,0.56,0.43,False,False,True,78.5,1
410,0.2149532710280374,1,2,0.56,0.39,False,False,True,71.0,1
411,0.20560747663551404,1,2,0.54,0.45,False,False,True,70.0,1
412,0.2570093457943925,1,2,0.49,0.38,False,False,True,75.5,1
413,0.2009345794392523,1,4,0.59,0.79,False,True,False,34.75,1
414,0.7149532710280374,1,4,0.85,0.84,False,False,True,62.25,1
415,0.911214953271028,1,6,0.77,0.11,False,False,True,48.5,1
416,0.9766355140186916,1,6,0.87,0.11,False,False,True,50.833333333333336,1
417,0.6355140186915887,1,5,0.84,0.17,False,False,True,46.4,1
418,0.16822429906542058,1,2,0.45,0.44,False,False,True,66.0,1
419,0.15887850467289721,1,2,0.5700000000000001,0.37,False,False,True,65.0,1
420,0.911214953271028,1,6,0.79,0.1,False,False,True,48.5,1
421,0.15887850467289721,1,2,0.5,0.4,False,False,True,65.0,1
422,0.7009345794392524,1,5,1.0,0.89,False,False,True,49.2,1
423,0.21962616822429903,1,2,0.48,0.42,False,False,True,71.5,1
424,0.15420560747663548,1,2,0.55,0.46,False,False,True,64.5,1
425,0.7429906542056074,1,6,0.8300000000000001,0.09,False,False,True,42.5,1
426,0.2757009345794392,1,2,0.51,0.37,False,False,True,77.5,1
427,0.7897196261682243,1,6,0.77,0.1,False,False,True,44.166666666666664,1
428,0.8551401869158878,1,6,0.84,0.1,False,False,True,46.5,1
429,0.8785046728971962,1,6,0.97,0.11,False,False,True,47.333333333333336,1
430,0.5841121495327103,2,5,1.0,0.9,False,False,True,44.2,1
431,0.2710280373831776,2,2,0.52,0.38,False,False,True,77.0,1
432,0.23831775700934577,2,2,0.52,0.36,False,False,True,73.5,1
433,0.25233644859813087,2,2,0.46,0.42,False,False,True,75.0,1
434,0.7990654205607476,2,7,0.9400000000000001,0.09,False,False,True,38.142857142857146,1
435,0.28971962616822433,2,2,0.52,0.43,False,False,True,79.0,1
436,0.5981308411214953,2,7,0.46,0.24,False,False,True,32.0,1
437,0.7523364485981309,2,4,1.0,0.91,False,False,True,64.25,1
438,0.2429906542056075,2,2,0.5,0.44,False,False,True,74.0,1
439,0.37850467289719625,2,3,0.87,0.71,False,False,True,59.0,1
440,0.2757009345794392,2,2,0.49,0.4,False,False,True,77.5,1
441,0.22429906542056077,2,2,0.47000000000000003,0.43,False,False,True,72.0,1
442,0.9018691588785047,3,6,0.85,0.09,False,False,True,48.166666666666664,1
443,0.2990654205607477,1,2,0.52,0.43,False,False,True,80.0,1
444,0.7570093457943924,2,4,0.96,0.9,False,False,True,64.5,1
445,0.6448598130841122,2,5,1.0,0.84,False,False,True,46.8,1
446,0.19158878504672894,2,2,0.48,0.37,False,False,True,68.5,1
447,0.7803738317757009,2,5,0.68,0.86,False,False,True,52.6,1
448,0.7242990654205607,1,6,0.84,0.11,False,False,True,41.833333333333336,1
449,0.1728971962616822,1,2,0.5700000000000001,0.37,False,False,True,66.5,1
450,0.16822429906542058,1,2,0.46,0.4,False,False,True,66.0,1
451,0.28971962616822433,1,4,0.62,0.14,False,False,True,39.5,1
452,0.18224299065420557,1,2,0.46,0.4,False,False,True,67.5,1
453,0.5607476635514018,1,4,1.0,0.75,False,False,True,54.0,1
454,0.9532710280373832,1,6,0.84,0.11,False,False,True,50.0,1
455,0.19626168224299068,1,2,0.49,0.46,False,False,True,69.0,1
456,0.7663551401869159,1,6,0.92,0.11,False,False,True,43.333333333333336,1
457,0.16822429906542058,1,2,0.49,0.38,False,False,True,66.0,1
458,0.40654205607476634,1,3,0.89,0.7,False,False,True,61.0,0
459,0.7196261682242991,1,6,0.8200000000000001,0.09,False,False,True,41.666666666666664,1
460,0.2570093457943925,1,2,0.45,0.37,False,False,True,75.5,1
461,0.9158878504672897,1,6,0.8300000000000001,0.1,False,False,True,48.666666666666664,1
462,0.20560747663551404,1,2,0.5700000000000001,0.38,False,False,True,70.0,1
463,0.5841121495327103,1,5,1.0,0.9,False,False,True,44.2,1
464,0.19626168224299068,1,2,0.51,0.44,False,False,True,69.0,1
465,0.16822429906542058,1,2,0.5,0.36,False,False,True,66.0,1
466,0.1728971962616822,1,7,0.84,0.31,False,False,True,19.0,1
467,0.8738317757009345,1,6,0.84,0.1,False,False,True,47.166666666666664,1
468,0.15420560747663548,1,2,0.48,0.42,False,True,False,64.5,1
469,0.7149532710280374,1,4,1.0,0.74,False,False,True,62.25,1
470,0.7523364485981309,1,5,0.87,0.73,False,False,True,51.4,1
471,0.6962616822429907,1,6,0.96,0.09,False,False,True,40.833333333333336,1
472,0.2757009345794392,1,2,0.53,0.45,False,False,True,77.5,1
473,0.7476635514018691,1,6,0.8,0.11,False,False,True,42.666666666666664,1
474,0.26168224299065423,1,2,0.47000000000000003,0.37,False,False,True,76.0,1
475,0.7990654205607476,1,4,0.99,0.84,False,False,True,66.75,1
476,0.2570093457943925,1,2,0.46,0.41,False,False,True,75.5,1
477,0.6682242990654205,1,4,0.92,0.76,False,False,True,59.75,1
478,0.9813084112149532,1,6,0.87,0.11,False,False,True,51.0,1
479,0.7803738317757009,1,4,0.88,0.84,False,False,True,65.75,1
480,0.23831775700934577,1,2,0.5,0.39,False,False,True,73.5,1
481,0.850467289719626,1,6,0.91,0.11,False,False,True,46.333333333333336,1
482,0.2710280373831776,1,2,0.56,0.45,False,False,True,77.0,1
483,0.21962616822429903,1,2,0.52,0.37,False,False,True,71.5,1
484,0.2757009345794392,1,2,0.52,0.4,False,False,True,77.5,1
485,0.2990654205607477,1,2,0.48,0.39,False,False,True,80.0,1
486,0.9719626168224299,1,6,0.8,0.11,False,False,True,50.666666666666664,1
487,0.6728971962616822,1,5,1.0,0.83,False,False,True,48.0,1
488,0.9766355140186916,1,6,0.92,0.11,False,False,True,50.833333333333336,1
489,0.1869158878504673,1,2,0.5,0.39,False,True,False,68.0,1
490,0.16822429906542058,1,2,0.45,0.45,False,False,True,66.0,1
491,0.9579439252336449,1,7,0.9500000000000001,0.1,False,False,True,43.0,1
492,0.6869158878504672,1,5,0.98,0.9,False,False,True,48.6,1
493,0.23831775700934577,1,2,0.51,0.45,False,False,True,73.5,1
494,0.6682242990654205,1,5,0.89,0.79,False,False,True,47.8,1
495,0.7663551401869159,1,5,0.99,0.9,False,False,True,52.0,1
496,0.9345794392523364,1,7,0.84,0.11,False,False,True,42.285714285714285,1
497,0.15420560747663548,1,2,0.55,0.43,False,False,True,64.5,1
498,0.16822429906542058,1,5,0.54,0.31,False,False,True,26.4,1
499,0.18224299065420557,1,2,0.5,0.32,False,False,True,67.5,0
500,0.28971962616822433,1,2,0.5700000000000001,0.45,False,False,True,79.0,1
501,0.7616822429906541,1,4,0.99,0.81,False,False,True,64.75,1
502,0.2990654205607477,1,2,0.46,0.41,False,False,True,80.0,1
503,0.850467289719626,1,7,0.78,0.11,False,False,True,39.714285714285715,1
504,0.8785046728971962,1,6,0.88,0.1,False,False,True,47.333333333333336,1
505,0.8317757009345793,1,2,0.53,0.7,False,False,True,137.0,1
506,0.31775700934579443,1,4,0.74,0.54,False,False,True,41.0,1
507,0.2429906542056075,1,2,0.48,0.41,False,False,True,74.0,1
508,0.20560747663551404,2,2,0.5,0.38,False,False,True,70.0,1
509,0.14485981308411222,2,2,0.51,0.37,False,False,True,63.5,1
510,0.9906542056074766,2,6,0.85,0.11,False,False,True,51.333333333333336,1
511,0.23364485981308414,2,2,0.47000000000000003,0.4,False,False,True,73.0,1
512,0.7710280373831776,2,6,0.84,0.1,False,False,True,43.5,1
513,0.7523364485981309,2,5,0.99,0.89,False,False,True,51.4,1
514,0.883177570093458,2,6,0.8,0.11,False,False,True,47.5,1
515,0.21028037383177567,2,2,0.55,0.36,False,False,True,70.5,1
516,0.14485981308411222,2,2,0.46,0.4,False,False,True,63.5,1
517,0.9392523364485982,2,6,0.85,0.09,False,False,True,49.5,1
518,0.21962616822429903,2,2,0.46,0.4,False,False,True,71.5,1
519,0.26168224299065423,2,2,0.55,0.37,False,False,True,76.0,1
520,0.28037383177570097,3,2,0.51,0.44,False,False,True,78.0,1
521,0.8738317757009345,1,7,0.8,0.09,False,False,True,40.42857142857143,1
522,0.6074766355140188,2,4,0.87,0.92,False,False,True,56.5,0
523,0.6355140186915887,2,4,0.91,0.74,False,False,True,58.0,1
524,0.7149532710280374,2,6,0.8200000000000001,0.09,False,False,True,41.5,1
525,0.836448598130841,2,4,0.9500000000000001,0.89,False,False,True,68.75,1
526,0.9719626168224299,1,6,0.8,0.09,False,False,True,50.666666666666664,1
527,0.850467289719626,1,7,0.54,0.27,False,False,True,39.714285714285715,1
528,0.8925233644859812,1,6,0.91,0.1,False,False,True,47.833333333333336,1
529,0.883177570093458,1,7,0.89,0.1,False,False,True,40.714285714285715,1
530,0.6074766355140188,1,5,0.9400000000000001,0.77,False,False,True,45.2,1
531,0.7616822429906541,1,5,0.8200000000000001,0.9,False,False,True,51.8,1
532,0.18224299065420557,1,2,0.5,0.39,False,False,True,67.5,1
533,0.5747663551401868,1,5,1.0,0.76,False,False,True,43.8,1
534,0.7476635514018691,1,6,0.93,0.1,False,False,True,42.666666666666664,1
535,0.7383177570093459,1,5,0.9,0.87,False,False,True,50.8,1
536,0.26635514018691586,1,2,0.5,0.38,False,False,True,76.5,1
537,0.616822429906542,1,5,0.99,0.77,False,False,True,45.6,1
538,0.616822429906542,1,4,0.87,0.78,False,False,True,57.0,1
539,0.14953271028037385,1,2,0.5,0.44,False,False,True,64.0,1
540,0.26635514018691586,1,2,0.52,0.38,False,False,True,76.5,1
541,0.28037383177570097,1,2,0.46,0.43,False,False,True,78.0,1
542,0.925233644859813,1,4,0.5,0.39,False,False,True,73.5,1
543,0.5747663551401868,1,5,1.0,0.88,False,False,True,43.8,1
544,0.26635514018691586,1,2,0.46,0.45,False,True,False,76.5,1
545,0.2570093457943925,1,2,0.53,0.4,False,False,True,75.5,1
546,0.2757009345794392,1,2,0.51,0.36,False,False,True,77.5,1
547,0.28971962616822433,1,2,0.48,0.36,False,False,True,79.0,1
548,0.6962616822429907,1,5,0.98,0.9,False,False,True,49.0,1
549,0.16355140186915884,1,2,0.53,0.43,False,False,True,65.5,1
550,0.602803738317757,1,5,0.87,0.89,False,False,True,45.0,1
551,0.8878504672897195,1,6,0.84,0.1,False,False,True,47.666666666666664,1
552,0.18224299065420557,1,2,0.5,0.37,False,False,True,67.5,1
553,0.26635514018691586,1,2,0.51,0.37,False,False,True,76.5,1
554,0.7289719626168224,1,5,0.9,0.87,False,False,True,50.4,1
555,0.24766355140186913,1,2,0.56,0.4,False,False,True,74.5,1
556,0.7570093457943924,1,4,0.97,0.9,False,False,True,64.5,1
557,0.28971962616822433,1,2,0.46,0.37,False,False,True,79.0,1
558,0.24766355140186913,1,2,0.54,0.44,False,False,True,74.5,1
559,0.6542056074766355,1,5,0.9500000000000001,0.85,False,False,True,47.2,1
560,0.6682242990654205,1,5,0.98,0.78,False,False,True,47.8,1
561,0.29439252336448596,1,2,0.47000000000000003,0.42,False,False,True,79.5,1
562,0.7429906542056074,1,5,0.99,0.92,False,False,True,51.0,1
563,0.6915887850467289,1,6,0.8300000000000001,0.11,False,False,True,40.666666666666664,1
564,0.17757009345794394,1,2,0.56,0.42,False,False,True,67.0,1
565,0.8130841121495326,1,4,0.5700000000000001,0.48,False,False,True,67.5,1
566,0.7429906542056074,1,4,0.85,0.83,False,True,False,63.75,1
567,0.2570093457943925,1,2,0.53,0.4,False,False,True,75.5,1
568,0.18224299065420557,1,2,0.45,0.43,False,False,True,67.5,1
569,0.23364485981308414,1,2,0.53,0.43,False,False,True,73.0,1
570,0.7383177570093459,1,7,0.97,0.1,False,False,True,36.285714285714285,1
571,0.9018691588785047,1,7,0.87,0.1,False,False,True,41.285714285714285,1
572,0.28037383177570097,1,2,0.46,0.37,False,False,True,78.0,1
573,0.28037383177570097,1,2,0.53,0.38,False,False,True,78.0,1
574,0.14953271028037385,1,2,0.5,0.4,False,False,True,64.0,1
575,0.836448598130841,1,5,0.86,0.89,False,False,True,55.0,1
576,0.2757009345794392,1,2,0.46,0.45,False,False,True,77.5,1
577,0.29439252336448596,1,2,0.48,0.37,False,False,True,79.5,1
578,0.2429906542056075,1,2,0.49,0.46,False,False,True,74.0,1
579,0.616822429906542,1,4,0.91,0.87,False,False,True,57.0,1
580,0.9439252336448597,1,6,0.84,0.11,False,False,True,49.666666666666664,1
581,0.7710280373831776,1,5,0.87,0.79,False,False,True,52.2,1
582,0.7383177570093459,1,5,0.92,0.79,False,False,True,50.8,1
583,0.44859813084112143,1,7,0.59,0.19,False,False,True,27.428571428571427,1
584,0.7102803738317757,1,4,0.98,0.87,False,False,True,62.0,1
585,0.7570093457943924,1,2,0.92,0.6,False,False,True,129.0,1
586,0.28037383177570097,2,2,0.45,0.44,False,False,True,78.0,1
587,0.7943925233644858,2,6,0.81,0.11,False,False,True,44.333333333333336,1
588,0.28037383177570097,2,2,0.54,0.42,False,False,True,78.0,1
589,0.6355140186915887,2,5,0.88,0.88,False,False,True,46.4,1
590,0.8925233644859812,2,6,0.84,0.11,False,False,True,47.833333333333336,1
591,0.2710280373831776,2,2,0.46,0.46,False,False,True,77.0,1
592,0.7803738317757009,2,5,0.97,0.82,False,False,True,52.6,1
593,0.16355140186915884,2,2,0.56,0.44,False,False,True,65.5,1
594,0.7663551401869159,2,6,0.78,0.11,False,False,True,43.333333333333336,1
595,0.2009345794392523,2,2,0.5,0.42,False,False,True,69.5,1
596,0.7242990654205607,2,4,0.93,0.84,False,False,True,62.75,1
597,0.8878504672897195,2,6,0.9500000000000001,0.11,False,False,True,47.666666666666664,1
598,0.15420560747663548,3,2,0.53,0.45,False,False,True,64.5,1
599,0.28037383177570097,1,2,0.56,0.38,False,False,True,78.0,1
600,0.2009345794392523,2,6,0.86,0.38,False,False,True,23.166666666666668,1
601,0.14485981308411222,2,2,0.51,0.44,False,False,True,63.5,1
602,0.7242990654205607,2,6,0.84,0.11,False,False,True,41.833333333333336,1
603,0.8130841121495326,2,5,0.93,0.81,False,False,True,54.0,1
604,0.9345794392523364,1,6,0.96,0.09,False,False,True,49.333333333333336,1
605,0.7383177570093459,1,6,0.9,0.11,False,False,True,42.333333333333336,1
606,0.663551401869159,1,5,0.9500000000000001,0.81,False,False,True,47.6,1
607,0.7990654205607476,1,6,0.97,0.1,False,False,True,44.5,1
608,0.6214953271028038,1,5,0.89,0.74,False,False,True,45.8,1
609,0.7383177570093459,1,6,0.78,0.09,False,False,True,42.333333333333336,1
610,0.6401869158878505,1,4,0.81,0.82,False,False,True,58.25,1
611,0.8037383177570093,1,6,0.98,0.1,False,False,True,44.666666666666664,1
612,0.9579439252336449,1,3,0.56,0.27,False,False,True,100.33333333333333,1
613,0.7990654205607476,1,5,0.92,0.83,False,False,True,53.4,1
614,0.9018691588785047,1,6,0.93,0.1,False,False,True,48.166666666666664,1
615,0.22429906542056077,1,2,0.47000000000000003,0.38,False,False,True,72.0,1
616,0.2429906542056075,1,2,0.56,0.4,False,False,True,74.0,1
617,0.9813084112149532,1,6,0.8300000000000001,0.11,False,False,True,51.0,1
618,0.9158878504672897,1,6,0.79,0.11,False,False,True,48.666666666666664,1
619,0.6355140186915887,1,5,0.91,0.82,False,False,True,46.4,1
620,0.19158878504672894,1,2,0.48,0.36,False,False,True,68.5,1
621,0.14953271028037385,1,2,0.46,0.4,False,True,False,64.0,1
622,0.630841121495327,1,5,0.84,0.87,False,False,True,46.2,1
623,0.23364485981308414,1,2,0.49,0.41,False,False,True,73.0,1
624,46.36448598130841,1,6,0.91,0.11,False,False,True,1669.6666666666667,1
625,0.7336448598130841,2,6,0.93,0.1,False,False,True,42.166666666666664,1
626,0.23364485981308414,2,2,0.51,0.38,False,False,True,73.0,1
627,0.28037383177570097,2,2,0.55,0.39,False,False,True,78.0,1
628,0.23831775700934577,2,2,0.52,0.4,False,False,True,73.5,1
629,0.1869158878504673,2,2,0.48,0.45,False,False,True,68.0,1
630,0.7149532710280374,2,5,0.84,0.74,False,False,True,49.8,1
631,0.2570093457943925,2,2,0.55,0.45,False,False,True,75.5,1
632,0.850467289719626,2,3,1.0,0.12,True,False,False,92.66666666666667,1
633,0.7196261682242991,2,7,0.77,0.1,True,False,False,35.714285714285715,1
634,0.14485981308411222,2,2,0.55,0.37,True,False,False,63.5,1
635,0.7429906542056074,2,5,0.87,0.89,True,False,False,51.0,1
636,0.18224299065420557,2,2,0.47000000000000003,0.45,True,False,False,67.5,1
637,0.24766355140186913,3,2,0.46,0.37,False,False,True,74.5,1
638,0.8925233644859812,1,5,0.81,0.11,False,False,True,57.4,1
639,0.2289719626168224,2,2,0.48,0.41,False,False,True,72.5,1
640,0.883177570093458,2,6,0.9400000000000001,0.1,False,False,True,47.5,1
641,0.9766355140186916,2,7,0.93,0.1,False,False,True,43.57142857142857,1
642,0.9532710280373832,2,7,0.9500000000000001,0.11,False,True,False,42.857142857142854,1
643,0.2009345794392523,1,2,0.54,0.4,False,False,True,69.5,1
644,0.15887850467289721,1,2,0.49,0.41,False,False,True,65.0,1
645,0.8037383177570093,1,6,0.81,0.1,False,False,True,44.666666666666664,1
646,0.6962616822429907,1,4,0.86,0.73,False,False,True,61.25,1
647,0.18224299065420557,1,2,0.47000000000000003,0.43,False,False,True,67.5,1
648,0.26635514018691586,1,2,0.46,0.37,False,False,True,76.5,1
649,0.8411214953271028,1,6,0.9400000000000001,0.11,False,False,True,46.0,1
650,0.15887850467289721,1,2,0.46,0.4,False,False,True,65.0,1
651,0.26635514018691586,1,2,0.54,0.41,False,False,True,76.5,1
652,0.6915887850467289,1,5,0.84,0.82,False,False,True,48.8,1
653,0.7336448598130841,1,2,0.47000000000000003,0.61,False,False,True,126.5,1
654,0.8925233644859812,1,7,0.91,0.11,False,False,True,41.0,1
655,0.16355140186915884,1,2,0.45,0.37,False,False,True,65.5,1
656,0.18224299065420557,1,2,0.52,0.41,False,False,True,67.5,1
657,0.2850467289719626,1,2,0.52,0.37,False,False,True,78.5,1
658,0.7757009345794391,1,5,0.99,0.88,False,False,True,52.4,1
659,0.7943925233644858,1,6,0.85,0.1,False,False,True,44.333333333333336,1
660,0.2429906542056075,1,2,0.48,0.44,False,False,True,74.0,1
661,0.20560747663551404,1,2,0.5700000000000001,0.38,False,False,True,70.0,1
662,0.9626168224299064,1,7,0.85,0.11,False,False,True,43.142857142857146,1
663,0.8177570093457943,1,6,0.98,0.09,False,False,True,45.166666666666664,1
664,0.2289719626168224,2,2,0.52,0.45,False,False,True,72.5,1
665,0.9065420560747662,2,6,0.81,0.1,False,False,True,48.333333333333336,1
666,0.2570093457943925,2,2,0.47000000000000003,0.45,False,False,True,75.5,1
667,0.7943925233644858,2,5,0.87,0.77,False,False,True,53.2,1
668,0.20560747663551404,2,2,0.51,0.44,False,False,True,70.0,1
669,0.2149532710280374,2,2,0.5,0.39,False,False,True,71.0,1
670,0.7009345794392524,2,6,0.91,0.1,False,False,True,41.0,1
671,0.9906542056074766,2,7,0.89,0.09,False,False,True,44.0,1
672,0.21028037383177567,2,2,0.47000000000000003,0.37,False,False,True,70.5,1
673,0.6355140186915887,2,5,1.0,0.9,False,False,True,46.4,1
674,0.21962616822429903,2,2,0.56,0.41,False,False,True,71.5,1
675,0.2757009345794392,2,2,0.52,0.37,False,False,True,77.5,1
676,0.850467289719626,3,6,0.86,0.1,False,False,True,46.333333333333336,1
677,0.7336448598130841,1,4,1.0,0.81,False,False,True,63.25,1
678,0.8691588785046728,2,6,0.8,0.11,False,False,True,47.0,1
679,0.7850467289719626,2,7,0.84,0.11,False,False,True,37.714285714285715,1
680,0.24766355140186913,2,2,0.46,0.4,False,False,True,74.5,1
681,0.9719626168224299,2,6,0.8,0.09,False,False,True,50.666666666666664,1
682,0.5747663551401868,1,3,0.93,0.48,False,False,True,73.0,1
683,0.7757009345794391,1,4,0.91,0.91,False,False,True,65.5,1
684,0.18224299065420557,1,2,0.5700000000000001,0.43,False,False,True,67.5,1
685,0.5747663551401868,1,6,0.88,0.33,False,False,True,36.5,1
686,0.1869158878504673,1,2,0.5700000000000001,0.41,False,False,True,68.0,1
687,0.2710280373831776,1,2,0.55,0.41,False,False,True,77.0,1
688,0.24766355140186913,1,2,0.54,0.37,False,False,True,74.5,1
689,0.18224299065420557,1,6,0.62,0.31,False,False,True,22.5,1
690,0.836448598130841,1,6,0.91,0.09,False,False,True,45.833333333333336,1
691,0.9065420560747662,1,6,0.87,0.1,False,False,True,48.333333333333336,1
692,0.7803738317757009,1,4,0.9,0.76,False,False,True,65.75,1
693,0.2289719626168224,1,2,0.54,0.41,False,False,True,72.5,1
694,0.7990654205607476,1,5,0.96,0.72,False,False,True,53.4,1
695,0.21028037383177567,1,2,0.5,0.4,False,False,True,70.5,1
696,0.6495327102803737,1,4,0.87,0.91,False,False,True,58.75,1
697,0.7570093457943924,1,6,0.8300000000000001,0.1,False,True,False,43.0,1
698,0.16355140186915884,1,2,0.56,0.4,False,False,True,65.5,1
699,0.6869158878504672,1,5,0.86,0.82,False,False,True,48.6,1
700,0.7943925233644858,1,6,0.8200000000000001,0.1,False,False,True,44.333333333333336,1
701,0.2149532710280374,1,2,0.45,0.37,False,False,True,71.0,1
702,0.18224299065420557,1,2,0.51,0.36,False,False,True,67.5,1
703,0.21028037383177567,2,2,0.48,0.39,False,False,True,70.5,1
704,0.2149532710280374,2,2,0.5700000000000001,0.36,False,False,True,71.0,1
705,0.7383177570093459,2,5,0.84,0.86,False,False,True,50.8,1
706,0.7757009345794391,2,5,0.99,0.73,False,False,True,52.4,1
707,0.9345794392523364,2,4,0.71,0.56,False,False,True,74.0,1
708,0.28971962616822433,2,2,0.56,0.44,False,False,True,79.0,1
709,0.663551401869159,2,4,0.56,0.31,False,False,True,59.5,1
710,0.630841121495327,2,4,0.93,0.6192909896602659,False,False,True,57.75,0
711,0.28037383177570097,2,2,0.45,0.6192909896602659,False,False,True,78.0,0
712,0.2289719626168224,2,2,0.46,0.6192909896602659,False,False,True,72.5,0
713,0.22429906542056077,2,2,0.48,0.6192909896602659,False,False,True,72.0,0
714,0.29439252336448596,2,2,0.51,0.6192909896602659,False,False,True,79.5,0
715,0.28037383177570097,3,2,0.48,0.6192909896602659,False,False,True,78.0,0
716,0.7476635514018691,1,5,0.9,0.6192909896602659,False,False,True,51.2,0
717,0.9439252336448597,2,6,0.93,0.6192909896602659,False,False,True,49.666666666666664,0
718,0.7056074766355139,2,6,0.97,0.6192909896602659,False,True,False,41.166666666666664,0
719,0.2850467289719626,2,2,0.5,0.6192909896602659,False,False,True,78.5,0
720,0.2710280373831776,2,2,0.5700000000000001,0.6192909896602659,False,False,True,77.0,0
721,0.7336448598130841,1,4,1.0,0.6192909896602659,False,False,True,63.25,0
722,0.2429906542056075,1,2,0.55,0.6192909896602659,False,False,True,74.0,0
723,0.7710280373831776,1,4,1.0,0.6192909896602659,False,False,True,65.25,0
724,0.8691588785046728,1,6,0.93,0.6192909896602659,False,False,True,47.0,0
725,0.1728971962616822,1,2,0.56,0.6192909896602659,False,False,True,66.5,0
726,0.14953271028037385,1,2,0.46,0.6192909896602659,False,False,True,64.0,0
727,0.2009345794392523,1,2,0.5700000000000001,0.6192909896602659,False,False,True,69.5,0
728,0.9205607476635514,1,6,0.79,0.6192909896602659,False,False,True,48.833333333333336,1
729,0.7897196261682243,1,4,0.8300000000000001,0.6192909896602659,False,False,True,66.25,0
730,0.7196261682242991,1,6,0.87,0.6192909896602659,False,False,True,41.666666666666664,1
731,0.7242990654205607,1,5,1.0,0.6192909896602659,False,False,True,50.2,0
732,0.7009345794392524,1,4,0.92,0.6192909896602659,False,False,True,61.5,0
733,0.836448598130841,1,5,1.0,0.6192909896602659,False,False,True,55.0,0
734,0.6728971962616822,1,5,0.93,0.6192909896602659,False,False,True,48.0,0
735,0.6962616822429907,1,5,0.87,0.6192909896602659,False,False,True,49.0,0
736,0.7383177570093459,1,4,0.5,0.6192909896602659,False,False,True,63.5,0
737,0.677570093457944,1,5,0.99,0.6192909896602659,False,False,True,48.2,0
738,0.7523364485981309,1,6,0.9400000000000001,0.6192909896602659,False,False,True,42.833333333333336,0
739,0.7009345794392524,1,4,0.92,0.6192909896602659,False,False,True,61.5,0
740,0.6401869158878505,1,4,0.98,0.6192909896602659,False,False,True,58.25,0
741,0.5700934579439253,1,6,0.45,0.6192909896602659,False,False,True,36.333333333333336,0
742,0.7757009345794391,2,4,0.99,0.6192909896602659,False,False,True,65.5,0
743,0.19626168224299068,2,2,0.53,0.6192909896602659,False,False,True,69.0,0
744,0.2149532710280374,2,2,0.54,0.6192909896602659,False,False,True,71.0,0
745,0.6401869158878505,2,5,0.97,0.6192909896602659,False,False,True,46.6,0
746,0.2757009345794392,2,2,0.48,0.6192909896602659,False,False,True,77.5,0
747,0.6214953271028038,2,4,1.0,0.6192909896602659,False,False,True,57.25,0
748,0.7850467289719626,2,6,0.9,0.6192909896602659,False,False,True,44.0,0
749,0.48130841121495327,2,3,0.53,0.6192909896602659,False,False,True,66.33333333333333,0
750,0.5934579439252335,2,4,0.85,0.6192909896602659,False,False,True,55.75,0
751,0.8037383177570093,2,6,0.96,0.6192909896602659,False,False,True,44.666666666666664,0
752,0.8925233644859812,2,6,0.9400000000000001,0.6192909896602659,False,False,True,47.833333333333336,0
753,0.7523364485981309,2,5,1.0,0.6192909896602659,False,False,True,51.4,0
754,0.21962616822429903,3,2,0.46,0.6192909896602659,False,False,True,71.5,0
755,0.15887850467289721,1,2,0.46,0.6192909896602659,False,False,True,65.0,0
756,0.1869158878504673,2,2,0.51,0.6192909896602659,False,False,True,68.0,0
757,0.7710280373831776,2,4,0.92,0.6192909896602659,False,False,True,65.25,0
758,0.39252336448598135,2,3,0.6,0.6192909896602659,False,False,True,60.0,0
759,0.14018691588785048,2,2,0.45,0.6192909896602659,False,False,True,63.0,0
760,0.14485981308411222,1,2,0.52,0.6192909896602659,False,False,True,63.5,0
761,0.46261682242990654,1,5,0.65,0.6192909896602659,False,False,True,39.0,0
762,0.2990654205607477,1,2,0.5700000000000001,0.6192909896602659,False,False,True,80.0,0
763,0.25233644859813087,1,2,0.51,0.6192909896602659,False,False,True,75.0,0
764,0.7850467289719626,1,4,0.84,0.6192909896602659,False,False,True,66.0,0
765,0.9953271028037384,1,6,0.84,0.6192909896602659,False,False,True,51.5,0
766,0.18224299065420557,1,2,0.47000000000000003,0.6192909896602659,False,False,True,67.5,0
767,0.7710280373831776,1,6,0.85,0.6192909896602659,False,False,True,43.5,0
768,0.2990654205607477,1,2,0.53,0.6192909896602659,False,False,True,80.0,1
769,0.6588785046728972,1,4,0.9,0.6192909896602659,False,False,True,59.25,0
770,0.1869158878504673,1,2,0.52,0.6192909896602659,False,False,True,68.0,0
771,0.2009345794392523,1,2,0.48,0.6192909896602659,False,False,True,69.5,0
772,0.2570093457943925,1,2,0.78,0.6192909896602659,False,False,True,75.5,0
773,0.6214953271028038,1,5,1.0,0.6192909896602659,False,True,False,45.8,1
774,0.6962616822429907,1,5,0.98,0.6192909896602659,False,False,True,49.0,0
775,0.14485981308411222,1,2,0.54,0.6192909896602659,False,False,True,63.5,0
776,0.8738317757009345,1,6,0.9400000000000001,0.6192909896602659,False,False,True,47.166666666666664,0
777,0.21962616822429903,1,2,0.46,0.6192909896602659,False,False,True,71.5,0
778,0.9439252336448597,1,5,0.84,0.6192909896602659,False,False,True,59.6,0
779,0.29439252336448596,1,2,0.48,0.6192909896602659,False,False,True,79.5,1
780,0.6682242990654205,1,5,0.92,0.6192909896602659,False,False,True,47.8,0
781,0.6074766355140188,2,4,0.9,0.6192909896602659,False,False,True,56.5,0
782,0.7102803738317757,2,5,0.98,0.6192909896602659,False,False,True,49.6,0
783,0.8878504672897195,2,6,0.87,0.6192909896602659,False,False,True,47.666666666666664,0
784,0.2289719626168224,2,2,0.54,0.6192909896602659,True,False,False,72.5,0
785,0.7383177570093459,2,7,0.97,0.6192909896602659,True,False,False,36.285714285714285,1
786,0.14485981308411222,2,2,0.53,0.6192909896602659,True,False,False,63.5,0
787,0.5934579439252335,2,5,0.93,0.6192909896602659,True,False,False,44.6,0
788,0.7429906542056074,2,4,1.0,0.6192909896602659,True,False,False,63.75,0
789,0.1869158878504673,2,2,0.48,0.6192909896602659,False,False,True,68.0,0
790,0.19158878504672894,2,2,0.48,0.6192909896602659,False,False,True,68.5,0
791,0.18224299065420557,2,2,0.49,0.6192909896602659,False,False,True,67.5,0
792,0.19158878504672894,2,2,0.5,0.6192909896602659,False,False,True,68.5,0
793,0.7429906542056074,3,3,0.53,0.6192909896602659,False,False,True,85.0,0
794,0.8271028037383178,1,4,0.85,0.6192909896602659,False,True,False,68.25,0
795,0.6448598130841122,2,5,0.98,0.6192909896602659,False,False,True,46.8,0
796,0.26168224299065423,2,2,0.54,0.6192909896602659,False,False,True,76.0,0
797,0.17757009345794394,2,2,0.48,0.6192909896602659,False,False,True,67.0,0
798,0.9158878504672897,2,6,0.9500000000000001,0.6192909896602659,False,False,True,48.666666666666664,0
799,0.6962616822429907,1,5,0.92,0.6192909896602659,False,False,True,49.0,0
800,0.29439252336448596,1,2,0.52,0.6192909896602659,False,False,True,79.5,1
801,0.7663551401869159,1,6,0.85,0.6192909896602659,False,False,True,43.333333333333336,0
802,0.24766355140186913,1,2,0.53,0.6192909896602659,False,False,True,74.5,0
803,0.7943925233644858,1,5,0.85,0.6192909896602659,False,False,True,53.2,0
804,0.24766355140186913,1,2,0.56,0.6192909896602659,False,False,True,74.5,0
805,0.6822429906542057,1,5,1.0,0.6192909896602659,False,False,True,48.4,0
806,0.17757009345794394,1,2,0.5700000000000001,0.6192909896602659,False,False,True,67.0,0
807,0.8177570093457943,1,5,0.87,0.6192909896602659,False,False,True,54.2,0
808,0.836448598130841,1,6,0.79,0.6192909896602659,False,False,True,45.833333333333336,0
809,0.6121495327102803,1,5,0.8300000000000001,0.6192909896602659,False,False,True,45.4,0
810,0.8457943925233645,1,7,0.96,0.6192909896602659,False,False,True,39.57142857142857,1
811,0.2570093457943925,1,2,0.49,0.6192909896602659,False,False,True,75.5,0
812,0.8317757009345793,1,6,0.79,0.6192909896602659,False,False,True,45.666666666666664,0
813,0.6822429906542057,1,4,0.87,0.6192909896602659,False,False,True,60.5,0
814,0.21962616822429903,1,2,0.54,0.6192909896602659,False,False,True,71.5,0
815,0.2289719626168224,1,2,0.52,0.6192909896602659,False,False,True,72.5,0
816,0.3551401869158879,1,5,0.9500000000000001,0.6192909896602659,False,False,True,34.4,0
817,0.18224299065420557,1,2,0.49,0.6192909896602659,False,False,True,67.5,0
818,0.44859813084112143,1,4,1.0,0.6192909896602659,False,False,True,48.0,0
819,0.8411214953271028,1,7,0.8300000000000001,0.6192909896602659,False,False,True,39.42857142857143,1
820,0.514018691588785,2,4,0.88,0.6192909896602659,False,False,True,51.5,0
821,0.8644859813084113,2,4,0.56,0.6192909896602659,False,False,True,70.25,0
822,0.2570093457943925,2,2,0.51,0.6192909896602659,False,False,True,75.5,0
823,0.6915887850467289,2,6,0.8300000000000001,0.6192909896602659,False,False,True,40.666666666666664,0
824,0.9953271028037384,2,6,0.9400000000000001,0.6192909896602659,False,False,True,51.5,0
825,0.5700934579439253,2,5,1.0,0.6192909896602659,False,False,True,43.6,0
826,0.7803738317757009,2,4,0.99,0.6192909896602659,False,False,True,65.75,0
827,0.6915887850467289,2,6,0.8200000000000001,0.6192909896602659,False,False,True,40.666666666666664,0
828,0.7803738317757009,2,7,0.49,0.6192909896602659,False,False,True,37.57142857142857,1
829,0.21962616822429903,2,2,0.48,0.6192909896602659,False,False,True,71.5,0
830,0.397196261682243,2,2,0.9500000000000001,0.6192909896602659,False,False,True,90.5,0
831,0.7897196261682243,2,5,0.84,0.6192909896602659,False,False,True,53.0,0
832,0.3037383177570093,3,5,0.5700000000000001,0.6192909896602659,False,False,True,32.2,0
833,0.8691588785046728,1,7,0.87,0.6192909896602659,False,False,True,40.285714285714285,1
834,0.2757009345794392,2,2,0.51,0.6192909896602659,False,False,True,77.5,0
835,0.5654205607476636,2,4,0.8300000000000001,0.6192909896602659,False,False,True,54.25,0
836,0.9018691588785047,2,6,0.97,0.6192909896602659,False,False,True,48.166666666666664,0
837,0.7616822429906541,2,4,0.98,0.6192909896602659,False,False,True,64.75,0
838,0.28971962616822433,1,2,0.54,0.6192909896602659,False,False,True,79.0,1
839,0.28971962616822433,1,2,0.55,0.6192909896602659,False,False,True,79.0,1
840,0.2757009345794392,1,2,0.5700000000000001,0.6192909896602659,False,False,True,77.5,0
841,0.23364485981308414,1,2,0.48,0.6192909896602659,False,False,True,73.0,0
842,0.31775700934579443,1,2,0.85,0.6192909896602659,False,False,True,82.0,1
843,0.7616822429906541,1,6,0.96,0.6192909896602659,False,False,True,43.166666666666664,0
844,0.9205607476635514,1,6,0.89,0.6192909896602659,False,False,True,48.833333333333336,0
845,0.836448598130841,1,5,0.96,0.6192909896602659,False,False,True,55.0,0
846,0.5747663551401868,1,5,1.0,0.6192909896602659,False,False,True,43.8,1
847,0.7056074766355139,1,6,0.89,0.6192909896602659,False,False,True,41.166666666666664,1
848,0.9953271028037384,1,7,0.86,0.6192909896602659,False,False,True,44.142857142857146,1
849,0.2570093457943925,1,2,0.54,0.6192909896602659,False,True,False,75.5,0
850,0.15420560747663548,1,2,0.51,0.6192909896602659,False,False,True,64.5,0
851,0.8317757009345793,1,4,0.9400000000000001,0.6192909896602659,False,False,True,68.5,0
852,0.6401869158878505,1,4,0.99,0.6192909896602659,False,False,True,58.25,0
853,0.9018691588785047,1,7,0.9500000000000001,0.6192909896602659,False,False,True,41.285714285714285,1
854,0.6682242990654205,1,4,0.8200000000000001,0.6192909896602659,False,False,True,59.75,0
855,0.5841121495327103,1,5,0.99,0.6192909896602659,False,False,True,44.2,0
856,0.25233644859813087,1,2,0.56,0.6192909896602659,False,False,True,75.0,0
857,0.22429906542056077,1,2,0.45,0.6192909896602659,False,False,True,72.0,0
858,0.9018691588785047,1,7,0.9,0.6192909896602659,False,False,True,41.285714285714285,1
859,0.9579439252336449,2,6,0.8,0.6192909896602659,False,False,True,50.166666666666664,1
860,0.2289719626168224,2,2,0.5700000000000001,0.6192909896602659,False,False,True,72.5,0
861,0.19158878504672894,2,2,0.56,0.6192909896602659,False,False,True,68.5,0
862,0.16355140186915884,2,2,0.54,0.6192909896602659,False,False,True,65.5,0
863,0.7009345794392524,2,6,0.84,0.6192909896602659,False,False,True,41.0,0
864,0.1869158878504673,2,2,0.51,0.6192909896602659,False,False,True,68.0,0
865,0.6728971962616822,2,5,0.85,0.6192909896602659,False,False,True,48.0,0
866,0.28037383177570097,2,2,0.56,0.6192909896602659,False,False,True,78.0,0
867,0.9766355140186916,2,6,0.85,0.6192909896602659,False,False,True,50.833333333333336,0
868,0.2710280373831776,2,2,0.45,0.6192909896602659,False,False,True,77.0,0
869,0.7710280373831776,2,5,1.0,0.6192909896602659,False,False,True,52.2,0
870,0.6915887850467289,2,7,0.9400000000000001,0.6192909896602659,False,True,False,34.857142857142854,1
871,0.15420560747663548,3,2,0.54,0.6192909896602659,False,False,True,64.5,0
872,0.7383177570093459,1,4,0.87,0.6192909896602659,False,False,True,63.5,0
873,0.6542056074766355,2,5,0.91,0.6192909896602659,False,False,True,47.2,0
874,0.6588785046728972,2,5,0.92,0.6192909896602659,False,False,True,47.4,0
875,0.18224299065420557,2,2,0.49,0.6192909896602659,False,False,True,67.5,0
876,0.6542056074766355,2,5,1.0,0.6192909896602659,False,False,True,47.2,0
877,0.24766355140186913,1,2,0.47000000000000003,0.6192909896602659,False,False,True,74.5,0
878,0.21028037383177567,1,2,0.5,0.6192909896602659,False,False,True,70.5,0
879,0.8130841121495326,1,4,0.8200000000000001,0.6192909896602659,False,False,True,67.5,0
880,0.19626168224299068,1,2,0.47000000000000003,0.6192909896602659,False,False,True,69.0,0
881,0.9439252336448597,1,6,0.96,0.6192909896602659,False,False,True,49.666666666666664,0
882,0.7383177570093459,1,5,0.99,0.6192909896602659,False,False,True,50.8,0
883,0.7102803738317757,1,5,0.85,0.6192909896602659,False,False,True,49.6,0
884,0.7523364485981309,1,5,1.0,0.6192909896602659,False,False,True,51.4,0
885,0.25233644859813087,1,2,0.53,0.6192909896602659,False,False,True,75.0,0
886,0.8644859813084113,1,7,0.9,0.6192909896602659,False,False,True,40.142857142857146,1
887,0.21028037383177567,1,2,0.48,0.6192909896602659,False,False,True,70.5,0
888,0.2850467289719626,1,2,0.5700000000000001,0.6192909896602659,False,False,True,78.5,1
889,0.1869158878504673,1,2,0.55,0.6192909896602659,False,False,True,68.0,0
890,0.9345794392523364,1,7,0.8,0.6192909896602659,False,False,True,42.285714285714285,1
891,0.8551401869158878,1,6,0.86,0.6192909896602659,False,False,True,46.5,0
892,0.16355140186915884,1,2,0.53,0.6192909896602659,False,False,True,65.5,0
893,0.2990654205607477,1,2,0.5700000000000001,0.6192909896602659,False,False,True,80.0,0
894,0.911214953271028,1,7,0.77,0.6192909896602659,False,False,True,41.57142857142857,1
895,0.2850467289719626,1,2,0.53,0.6192909896602659,False,False,True,78.5,1
896,0.925233644859813,1,3,0.58,0.6192909896602659,False,False,True,98.0,1
897,0.9999999999999999,1,7,0.79,0.6192909896602659,False,False,True,44.285714285714285,1
898,0.8691588785046728,2,6,0.97,0.6192909896602659,False,False,True,47.0,0
899,0.17757009345794394,2,2,0.51,0.6192909896602659,False,False,True,67.0,0
900,0.5514018691588785,2,4,0.46,0.6192909896602659,False,False,True,53.5,0
901,0.19158878504672894,2,2,0.52,0.6192909896602659,False,False,True,68.5,0
902,0.7289719626168224,2,4,1.0,0.6192909896602659,False,False,True,63.0,0
903,0.6869158878504672,2,5,0.97,0.6192909896602659,False,False,True,48.6,0
904,0.2429906542056075,2,2,0.47000000000000003,0.6192909896602659,False,False,True,74.0,0
905,0.2570093457943925,2,2,0.49,0.6192909896602659,False,False,True,75.5,0
906,0.15420560747663548,2,2,0.49,0.6192909896602659,False,False,True,64.5,0
907,0.47663551401869153,2,2,0.78,0.6192909896602659,False,False,True,99.0,0
908,0.836448598130841,2,4,0.72,0.6192909896602659,False,False,True,68.75,0
909,0.6869158878504672,2,5,0.96,0.6192909896602659,False,False,True,48.6,0
910,0.29439252336448596,3,2,0.55,0.6192909896602659,False,False,True,79.5,0
911,0.2289719626168224,1,2,0.51,0.6192909896602659,False,False,True,72.5,0
912,0.6822429906542057,2,5,0.88,0.6192909896602659,False,False,True,48.4,0
913,0.6822429906542057,2,5,0.87,0.6192909896602659,False,False,True,48.4,0
914,0.2289719626168224,2,2,0.56,0.6192909896602659,False,False,True,72.5,0
915,0.2710280373831776,2,2,0.56,0.6192909896602659,False,False,True,77.0,0
916,0.2009345794392523,1,2,0.51,0.6192909896602659,False,False,True,69.5,0
917,0.26168224299065423,1,2,0.5700000000000001,0.6192909896602659,False,False,True,76.0,0
918,0.5373831775700935,1,2,0.8300000000000001,0.6192909896602659,False,False,True,105.5,0
919,0.7570093457943924,1,5,0.9,0.6192909896602659,False,False,True,51.6,0
920,0.2757009345794392,1,2,0.54,0.6192909896602659,False,False,True,77.5,0
921,0.2429906542056075,1,2,0.55,0.6192909896602659,False,False,True,74.0,0
922,0.7429906542056074,1,2,0.67,0.6192909896602659,False,False,True,127.5,1
923,0.7850467289719626,1,6,0.8,0.6192909896602659,False,False,True,44.0,0
924,0.16822429906542058,1,2,0.54,0.6192909896602659,False,False,True,66.0,0
925,0.7429906542056074,1,6,0.77,0.6192909896602659,False,True,False,42.5,0
926,0.7803738317757009,1,5,0.87,0.6192909896602659,False,False,True,52.6,0
927,0.588785046728972,1,5,0.84,0.6192909896602659,False,False,True,44.4,0
928,0.7803738317757009,1,6,0.9,0.6192909896602659,False,False,True,43.833333333333336,0
929,0.2850467289719626,1,2,0.46,0.6192909896602659,False,False,True,78.5,1
930,0.9859813084112149,1,7,0.92,0.6192909896602659,False,False,True,43.857142857142854,1
931,0.7616822429906541,1,5,0.98,0.6192909896602659,False,False,True,51.8,0
932,0.588785046728972,1,5,0.9400000000000001,0.6192909896602659,False,False,True,44.4,0
933,0.7196261682242991,1,7,0.84,0.6192909896602659,False,False,True,35.714285714285715,1
934,0.6962616822429907,1,5,0.9,0.6192909896602659,False,False,True,49.0,0
935,0.9158878504672897,1,6,0.79,0.6192909896602659,False,False,True,48.666666666666664,1
936,0.7289719626168224,1,5,0.92,0.6192909896602659,True,False,False,50.4,0
937,0.3037383177570093,2,2,0.56,0.6192909896602659,True,False,False,80.5,0
938,0.7196261682242991,2,5,0.88,0.6192909896602659,True,False,False,50.0,0
939,0.17757009345794394,2,2,0.49,0.6192909896602659,True,False,False,67.0,0
940,0.8551401869158878,2,7,0.85,0.6192909896602659,True,False,False,39.857142857142854,1
941,0.7476635514018691,2,7,0.9500000000000001,0.6192909896602659,False,False,True,36.57142857142857,1
942,0.14485981308411222,2,2,0.53,0.6192909896602659,False,False,True,63.5,0
943,0.19626168224299068,2,2,0.47000000000000003,0.6192909896602659,False,False,True,69.0,0
944,0.6869158878504672,2,5,0.97,0.6192909896602659,False,False,True,48.6,0
945,0.9345794392523364,2,7,0.9,0.6192909896602659,False,False,True,42.285714285714285,1
946,0.7990654205607476,2,7,0.88,0.6192909896602659,False,True,False,38.142857142857146,1
947,0.22429906542056077,2,2,0.49,0.6192909896602659,False,False,True,72.0,0
948,0.7242990654205607,2,4,0.9500000000000001,0.6192909896602659,False,False,True,62.75,0
949,0.2429906542056075,3,2,0.5700000000000001,0.6192909896602659,False,False,True,74.0,0
950,0.21028037383177567,1,2,0.51,0.6192909896602659,False,False,True,70.5,0
951,0.8037383177570093,2,3,0.75,0.6192909896602659,False,False,True,89.33333333333333,0
952,0.7056074766355139,2,6,0.86,0.6192909896602659,False,False,True,41.166666666666664,0
953,0.7056074766355139,2,2,0.55,0.6192909896602659,False,False,True,123.5,0
954,0.23364485981308414,2,2,0.52,0.6192909896602659,False,False,True,73.0,0
955,0.20560747663551404,1,2,0.5,0.6192909896602659,False,False,True,70.0,0
956,0.7803738317757009,1,5,0.98,0.6192909896602659,False,False,True,52.6,0
957,0.2289719626168224,1,2,0.49,0.6192909896602659,False,False,True,72.5,0
958,0.28037383177570097,1,2,0.46,0.6192909896602659,False,False,True,78.0,1
959,0.6915887850467289,1,5,0.85,0.6192909896602659,False,False,True,48.8,0
960,0.22429906542056077,1,2,0.54,0.6192909896602659,False,False,True,72.0,0
961,0.8878504672897195,1,7,0.9,0.6192909896602659,False,False,True,40.857142857142854,1
962,0.21028037383177567,1,4,0.67,0.6192909896602659,False,False,True,35.25,0
963,0.7663551401869159,1,6,0.89,0.6192909896602659,False,False,True,43.333333333333336,0
964,0.2710280373831776,1,2,0.56,0.6192909896602659,False,False,True,77.0,0
965,0.602803738317757,1,5,0.92,0.6192909896602659,False,False,True,45.0,0
966,0.14485981308411222,1,2,0.5700000000000001,0.6192909896602659,False,False,True,63.5,0
967,0.20560747663551404,1,2,0.53,0.6192909896602659,False,False,True,70.0,0
968,0.23831775700934577,1,2,0.52,0.6192909896602659,False,False,True,73.5,0
969,0.6121495327102803,1,4,0.8300000000000001,0.6192909896602659,False,False,True,56.75,0
970,0.26635514018691586,1,2,0.48,0.6192909896602659,False,False,True,76.5,1
971,0.14953271028037385,1,2,0.52,0.6192909896602659,False,False,True,64.0,0
972,0.616822429906542,1,4,0.97,0.6192909896602659,False,False,True,57.0,0
973,0.6495327102803737,1,5,0.97,0.6192909896602659,False,False,True,47.0,0
974,0.2429906542056075,1,2,0.47000000000000003,0.6192909896602659,False,False,True,74.0,0
975,0.663551401869159,1,4,0.62,0.6192909896602659,False,False,True,59.5,0
976,0.21028037383177567,2,2,0.54,0.6192909896602659,False,False,True,70.5,0
977,0.7149532710280374,2,5,0.8300000000000001,0.6192909896602659,False,False,True,49.8,0
978,0.2570093457943925,2,2,0.5,0.6192909896602659,False,False,True,75.5,0
979,0.15420560747663548,2,2,0.54,0.6192909896602659,False,False,True,64.5,0
980,0.28037383177570097,2,2,0.5,0.6192909896602659,False,False,True,78.0,0
981,0.17757009345794394,2,2,0.45,0.6192909896602659,False,False,True,67.0,0
982,0.8084112149532711,2,6,0.88,0.6192909896602659,False,False,True,44.833333333333336,0
983,0.9065420560747662,2,6,0.77,0.6192909896602659,False,False,True,48.333333333333336,0
984,0.16822429906542058,2,2,0.51,0.6192909896602659,False,False,True,66.0,0
985,0.9906542056074766,2,7,0.89,0.6192909896602659,False,False,True,44.0,1
986,0.6355140186915887,2,4,1.0,0.6192909896602659,False,False,True,58.0,0
987,0.6495327102803737,2,5,0.86,0.6192909896602659,False,False,True,47.0,0
988,0.15887850467289721,3,2,0.55,0.6192909896602659,False,False,True,65.0,0
989,0.23364485981308414,1,2,0.53,0.6192909896602659,False,False,True,73.0,0
990,0.5841121495327103,2,5,0.91,0.6192909896602659,False,False,True,44.2,0
991,0.15887850467289721,2,2,0.5,0.6192909896602659,False,False,True,65.0,0
992,0.1869158878504673,2,2,0.46,0.6192909896602659,False,False,True,68.0,0
993,0.836448598130841,1,6,0.79,0.6192909896602659,False,True,False,45.833333333333336,0
994,0.9485981308411214,1,6,0.9,0.6192909896602659,False,False,True,49.833333333333336,0
995,0.23831775700934577,1,2,0.49,0.6192909896602659,False,False,True,73.5,0
996,0.9813084112149532,1,7,0.97,0.6192909896602659,False,False,True,43.714285714285715,1
997,0.6822429906542057,1,5,1.0,0.6192909896602659,False,False,True,48.4,0
998,0.29439252336448596,1,2,0.51,0.6192909896602659,False,False,True,79.5,1
999,0.23831775700934577,1,2,0.49,0.6192909896602659,False,False,True,73.5,0
1000,0.2710280373831776,1,2,0.51,0.6192909896602659,False,False,True,77.0,1
1001,0.15420560747663548,1,2,0.56,0.6192909896602659,False,False,True,64.5,0
1002,0.3037383177570093,1,2,0.53,0.6192909896602659,False,False,True,80.5,1
1003,0.8084112149532711,1,6,0.84,0.6192909896602659,False,False,True,44.833333333333336,0
1004,0.8317757009345793,1,5,0.86,0.6192909896602659,False,False,True,54.8,0
1005,0.29439252336448596,1,2,0.53,0.6192909896602659,False,False,True,79.5,1
1006,0.18224299065420557,1,2,0.47000000000000003,0.6192909896602659,False,False,True,67.5,0
1007,0.23831775700934577,1,2,0.53,0.6192909896602659,False,False,True,73.5,0
1008,0.2149532710280374,1,2,0.49,0.6192909896602659,False,False,True,71.0,1
1009,0.15887850467289721,1,2,0.51,0.6192909896602659,False,False,True,65.0,0
1010,0.23831775700934577,2,2,0.53,0.6192909896602659,False,False,True,73.5,0
1011,0.7009345794392524,2,5,0.87,0.6192909896602659,False,False,True,49.2,0
1012,0.8644859813084113,2,6,0.92,0.6192909896602659,False,False,True,46.833333333333336,0
1013,0.7336448598130841,2,6,0.9,0.6192909896602659,False,False,True,42.166666666666664,0
1014,0.14953271028037385,2,2,0.47000000000000003,0.6192909896602659,False,False,True,64.0,0
1015,0.15420560747663548,2,2,0.5700000000000001,0.6192909896602659,False,False,True,64.5,0
1016,0.5934579439252335,2,5,1.0,0.6192909896602659,False,False,True,44.6,0
1017,0.8084112149532711,2,6,0.92,0.6192909896602659,False,False,True,44.833333333333336,0
1018,0.8084112149532711,2,7,0.9,0.6192909896602659,False,False,True,38.42857142857143,1
1019,0.6915887850467289,2,7,0.81,0.6192909896602659,False,False,True,34.857142857142854,1
1020,0.2710280373831776,2,2,0.5,0.6192909896602659,False,False,True,77.0,0
1021,0.20560747663551404,2,5,0.93,0.6192909896602659,False,False,True,28.0,0
1022,0.29439252336448596,3,2,0.46,0.6192909896602659,False,False,True,79.5,0
1023,0.28971962616822433,1,2,0.48,0.6192909896602659,False,False,True,79.0,1
1024,0.1728971962616822,2,2,0.56,0.6192909896602659,False,False,True,66.5,0
1025,0.7056074766355139,2,6,0.77,0.6192909896602659,False,False,True,41.166666666666664,0
1026,0.8037383177570093,2,5,0.93,0.6192909896602659,False,False,True,53.6,0
1027,0.7990654205607476,2,5,0.9,0.6192909896602659,False,False,True,53.4,0
1028,0.7242990654205607,1,7,0.87,0.6192909896602659,False,False,True,35.857142857142854,1
1029,0.8551401869158878,1,6,0.93,0.6192909896602659,False,False,True,46.5,0
1030,0.3037383177570093,1,6,0.84,0.6192909896602659,False,False,True,26.833333333333332,1
1031,0.7476635514018691,1,4,0.84,0.6192909896602659,False,False,True,64.0,0
1032,0.9719626168224299,1,6,0.8,0.6192909896602659,False,False,True,50.666666666666664,1
1033,0.19158878504672894,1,2,0.51,0.6192909896602659,False,False,True,68.5,0
1034,0.22429906542056077,1,2,0.49,0.6192909896602659,False,False,True,72.0,0
1035,0.2149532710280374,1,2,0.54,0.6192909896602659,False,False,True,71.0,0
1036,0.7757009345794391,1,5,0.87,0.6192909896602659,False,False,True,52.4,0
1037,0.2149532710280374,1,2,0.48,0.6192909896602659,False,False,True,71.0,1
1038,0.8691588785046728,1,6,0.89,0.6192909896602659,False,False,True,47.0,0
1039,0.2850467289719626,1,2,0.54,0.6192909896602659,False,False,True,78.5,1
1040,0.616822429906542,1,5,0.91,0.6192909896602659,False,False,True,45.6,0
1041,0.8738317757009345,1,6,0.86,0.6192909896602659,False,False,True,47.166666666666664,0
1042,0.8878504672897195,1,6,0.86,0.6192909896602659,False,False,True,47.666666666666664,0
1043,0.2429906542056075,1,2,0.5,0.6192909896602659,False,False,True,74.0,0
1044,0.6962616822429907,1,6,0.81,0.6192909896602659,False,False,True,40.833333333333336,0
1045,0.8551401869158878,1,6,0.9500000000000001,0.6192909896602659,False,False,True,46.5,0
1046,0.6962616822429907,1,5,0.87,0.6192909896602659,False,False,True,49.0,0
1047,0.19626168224299068,1,2,0.49,0.6192909896602659,False,False,True,69.0,0
1048,0.21028037383177567,1,2,0.52,0.6192909896602659,False,True,False,70.5,0
1049,0.9626168224299064,2,7,0.8300000000000001,0.6192909896602659,False,False,True,43.142857142857146,1
1050,0.8037383177570093,2,6,0.89,0.6192909896602659,False,False,True,44.666666666666664,0
1051,0.6728971962616822,2,5,0.88,0.6192909896602659,False,False,True,48.0,0
1052,0.14485981308411222,2,2,0.49,0.6192909896602659,False,False,True,63.5,0
1053,0.7850467289719626,2,7,0.9400000000000001,0.6192909896602659,False,False,True,37.714285714285715,1
1054,0.2757009345794392,2,2,0.53,0.6192909896602659,False,False,True,77.5,0
1055,0.21962616822429903,2,2,0.49,0.6192909896602659,False,False,True,71.5,0
1056,0.5654205607476636,2,5,0.98,0.6192909896602659,False,False,True,43.4,0
1057,0.23831775700934577,2,2,0.55,0.6192909896602659,False,False,True,73.5,0
1058,0.8177570093457943,2,4,0.92,0.6192909896602659,False,False,True,67.75,0
1059,0.8271028037383178,2,4,0.87,0.6192909896602659,True,False,False,68.25,0
1060,0.883177570093458,2,5,0.78,0.6192909896602659,True,False,False,57.0,0
1061,0.16355140186915884,3,2,0.49,0.6192909896602659,True,False,False,65.5,0
1062,0.18224299065420557,1,5,0.5,0.6192909896602659,True,False,False,27.0,0
1063,0.6682242990654205,2,5,0.92,0.6192909896602659,True,False,False,47.8,0
1064,0.6588785046728972,2,5,0.85,0.6192909896602659,False,False,True,47.4,0
1065,0.8457943925233645,2,4,0.75,0.6192909896602659,False,False,True,69.25,0
1066,0.9672897196261682,2,5,0.84,0.6192909896602659,False,False,True,60.6,0
1067,0.6822429906542057,1,4,0.98,0.6192909896602659,False,False,True,60.5,0
1068,0.28971962616822433,1,2,0.5700000000000001,0.6192909896602659,False,False,True,79.0,1
1069,0.23831775700934577,1,2,0.5700000000000001,0.6192909896602659,False,True,False,73.5,0
1070,0.8691588785046728,1,2,0.68,0.6192909896602659,False,False,True,141.0,0
1071,0.2710280373831776,1,2,0.54,0.6192909896602659,False,False,True,77.0,0
1072,0.24766355140186913,1,2,0.52,0.6192909896602659,False,False,True,74.5,0
1073,0.24766355140186913,1,2,0.45,0.6192909896602659,False,False,True,74.5,0
1074,0.23364485981308414,1,2,0.53,0.6192909896602659,False,False,True,73.0,0
1075,0.7570093457943924,1,4,0.9400000000000001,0.6192909896602659,False,False,True,64.5,0
1076,0.2429906542056075,1,2,0.49,0.6192909896602659,False,False,True,74.0,0
1077,0.6542056074766355,1,5,0.9400000000000001,0.6192909896602659,False,False,True,47.2,0
1078,0.17757009345794394,1,2,0.52,0.6192909896602659,False,False,True,67.0,0
1079,0.2757009345794392,1,2,1.0,0.6192909896602659,False,False,True,77.5,1
1080,0.7523364485981309,1,5,0.86,0.6192909896602659,False,False,True,51.4,0
1081,0.43457943925233644,1,6,0.97,0.6192909896602659,False,False,True,31.5,0
1082,0.31775700934579443,1,3,0.66,0.6192909896602659,False,False,True,54.666666666666664,0
1083,0.8177570093457943,1,6,0.9500000000000001,0.6192909896602659,False,False,True,45.166666666666664,0
1084,0.8598130841121495,1,6,0.97,0.6192909896602659,False,False,True,46.666666666666664,0
1085,0.24766355140186913,1,2,0.46,0.6192909896602659,False,False,True,74.5,0
1086,0.5747663551401868,1,5,0.81,0.6192909896602659,False,False,True,43.8,0
1087,0.14953271028037385,1,2,0.51,0.6192909896602659,False,False,True,64.0,0
1088,0.14953271028037385,2,2,0.47000000000000003,0.6192909896602659,False,False,True,64.0,0
1089,0.2850467289719626,2,2,0.46,0.6192909896602659,False,False,True,78.5,0
1090,0.602803738317757,2,4,0.93,0.6192909896602659,False,False,True,56.25,0
1091,0.20560747663551404,2,2,0.45,0.6192909896602659,False,False,True,70.0,0
1092,0.9999999999999999,2,6,0.97,0.6192909896602659,False,False,True,51.666666666666664,0
1093,0.21962616822429903,2,2,0.52,0.6192909896602659,False,False,True,71.5,0
1094,0.26635514018691586,2,2,0.54,0.6192909896602659,False,False,True,76.5,0
1095,0.9999999999999999,2,7,0.79,0.1,False,False,True,44.285714285714285,1
1096,0.1869158878504673,2,2,0.47000000000000003,0.4,False,False,True,68.0,1
1097,0.7242990654205607,2,4,0.85,0.81,False,False,True,62.75,1
1098,0.22429906542056077,2,2,0.47000000000000003,0.4,False,False,True,72.0,1
1099,0.9345794392523364,2,6,0.93,0.09,False,False,True,49.333333333333336,1
1100,0.663551401869159,3,5,0.89,0.76,False,False,True,47.6,1
1101,0.30841121495327106,1,5,0.93,0.73,False,False,True,32.4,0
1102,0.19158878504672894,2,2,0.49,0.38,False,False,True,68.5,1
1103,0.7523364485981309,2,5,0.84,0.72,False,False,True,51.4,1
1104,0.2429906542056075,2,2,0.56,0.4,False,False,True,74.0,1
1105,0.7383177570093459,2,5,0.99,0.91,False,False,True,50.8,1
1106,0.7056074766355139,1,4,0.85,0.85,False,False,True,61.75,1
1107,0.514018691588785,1,5,0.7000000000000001,0.9,False,False,True,41.2,1
1108,0.2289719626168224,1,2,0.55,0.46,False,False,True,72.5,1
1109,0.29439252336448596,1,2,0.5700000000000001,0.43,False,False,True,79.5,1
1110,0.616822429906542,1,5,0.88,0.89,False,False,True,45.6,1
1111,0.7523364485981309,1,6,0.81,0.09,False,False,True,42.833333333333336,1
1112,0.2757009345794392,1,2,0.48,0.4,False,False,True,77.5,1
1113,0.9205607476635514,1,6,0.8300000000000001,0.76,False,False,True,48.833333333333336,0
1114,0.2570093457943925,1,2,0.5700000000000001,0.4,False,False,True,75.5,1
1115,0.2990654205607477,1,2,0.48,0.37,False,False,True,80.0,1
1116,0.21962616822429903,1,2,0.53,0.37,False,False,True,71.5,1
1117,0.8598130841121495,1,6,0.96,0.11,False,False,True,46.666666666666664,1
1118,0.28971962616822433,1,2,0.52,0.37,False,False,True,79.0,1
